candidate_id,escaped_backbone,denominators,min_denominator,max_denominator,length,gap_pattern,exact_sum,sum_minus_1,kill_mask,kill_primes,kill_count,first_killing_prime,covering_third_primes,contains_37_38,contains_61_62,contains_adjacent_factor_pair,valuation_profile_p2,top_layer_residue_sum_p2,valuation_profile_p13,top_layer_residue_sum_p13,valuation_profile_p17,top_layer_residue_sum_p17,valuation_profile_p19,top_layer_residue_sum_p19,valuation_profile_p31,top_layer_residue_sum_p31,valuation_profile_p37,top_layer_residue_sum_p37,valuation_profile_p41,top_layer_residue_sum_p41,valuation_profile_p47,top_layer_residue_sum_p47,valuation_profile_p53,top_layer_residue_sum_p53,valuation_profile_p59,top_layer_residue_sum_p59,valuation_profile_p61,top_layer_residue_sum_p61,valuation_profile_p67,top_layer_residue_sum_p67
398,2+31,6;7;8;10;12;14;15;17;19;20;22;24,6,24,12,1;1;2;2;2;1;2;2;1;2;2,749509/746130,3379/746130,523262,3;5;7;11;13;17;19;23;29;37;41;43;47;53;59;61;67,17,3,2+31->3;5;7;11;13;17;19;23;29;37;41;43;47;53;59;61;67,false,false,false,max=3;tops=8;24,0,max=0;tops=6;7;8;10;12;14;15;17;19;20;22;24,9,max=1;tops=17,1,max=1;tops=19,1,max=0;tops=6;7;8;10;12;14;15;17;19;20;22;24,1,max=0;tops=6;7;8;10;12;14;15;17;19;20;22;24,0,max=0;tops=6;7;8;10;12;14;15;17;19;20;22;24,40,max=0;tops=6;7;8;10;12;14;15;17;19;20;22;24,0,max=0;tops=6;7;8;10;12;14;15;17;19;20;22;24,44,max=0;tops=6;7;8;10;12;14;15;17;19;20;22;24,2,max=0;tops=6;7;8;10;12;14;15;17;19;20;22;24,11,max=0;tops=6;7;8;10;12;14;15;17;19;20;22;24,51
477,2+31,6;7;9;10;12;13;15;17;19;20;22;23,6,23,12,1;2;1;2;1;2;2;2;1;2;1,667903853/669278610,-1374757/669278610,392190,3;5;7;11;13;17;19;23;29;37;41;43;47;53;59;67,16,3,2+31->3;5;7;11;13;17;19;23;29;37;41;43;47;53;59;67,false,false,false,max=2;tops=12;20,0,max=1;tops=13,1,max=1;tops=17,1,max=1;tops=19,1,max=0;tops=6;7;9;10;12;13;15;17;19;20;22;23,1,max=0;tops=6;7;9;10;12;13;15;17;19;20;22;23,6,max=0;tops=6;7;9;10;12;13;15;17;19;20;22;23,24,max=0;tops=6;7;9;10;12;13;15;17;19;20;22;23,3,max=0;tops=6;7;9;10;12;13;15;17;19;20;22;23,48,max=0;tops=6;7;9;10;12;13;15;17;19;20;22;23,9,max=0;tops=6;7;9;10;12;13;15;17;19;20;22;23,1,max=0;tops=6;7;9;10;12;13;15;17;19;20;22;23,52
493,2+31,6;7;9;10;12;14;15;17;18;19;20;22,6,22,12,1;2;1;2;2;1;2;1;1;1;2,749509/746130,3379/746130,523260,5;7;11;13;17;19;23;29;37;41;43;47;53;59;61;67,16,5,2+31->5;7;11;13;17;19;23;29;37;41;43;47;53;59;61;67,false,false,false,max=2;tops=12;20,0,max=0;tops=6;7;9;10;12;14;15;17;18;19;20;22,9,max=1;tops=17,1,max=1;tops=19,1,max=0;tops=6;7;9;10;12;14;15;17;18;19;20;22,1,max=0;tops=6;7;9;10;12;14;15;17;18;19;20;22,0,max=0;tops=6;7;9;10;12;14;15;17;18;19;20;22,40,max=0;tops=6;7;9;10;12;14;15;17;18;19;20;22,0,max=0;tops=6;7;9;10;12;14;15;17;18;19;20;22,44,max=0;tops=6;7;9;10;12;14;15;17;18;19;20;22,2,max=0;tops=6;7;9;10;12;14;15;17;18;19;20;22,11,max=0;tops=6;7;9;10;12;14;15;17;18;19;20;22,51
543,2+31,6;7;9;11;12;13;15;17;18;20;21;23,6,23,12,1;2;2;1;1;2;2;1;2;1;2,5835308/5870865,-35557/5870865,521212,5;7;11;13;17;19;23;29;41;43;47;53;59;61;67,15,5,2+31->5;7;11;13;17;19;23;29;41;43;47;53;59;61;67,false,false,false,max=2;tops=12;20,0,max=1;tops=13,1,max=1;tops=17,1,max=0;tops=6;7;9;11;12;13;15;17;18;20;21;23,5,max=0;tops=6;7;9;11;12;13;15;17;18;20;21;23,1,max=0;tops=6;7;9;11;12;13;15;17;18;20;21;23,1,max=0;tops=6;7;9;11;12;13;15;17;18;20;21;23,20,max=0;tops=6;7;9;11;12;13;15;17;18;20;21;23,23,max=0;tops=6;7;9;11;12;13;15;17;18;20;21;23,4,max=0;tops=6;7;9;11;12;13;15;17;18;20;21;23,35,max=0;tops=6;7;9;11;12;13;15;17;18;20;21;23,36,max=0;tops=6;7;9;11;12;13;15;17;18;20;21;23,66
633,19+37,6;7;9;11;13;14;16;18;20;22;24;26;27,6,27,13,1;2;2;2;1;2;2;2;2;2;2;1,2141773/2162160,-20387/2162160,521599,2;3;5;7;11;13;17;23;31;41;43;47;53;59;61;67,16,2,19+37->2;3;5;7;11;13;17;23;31;41;43;47;53;59;61;67,false,false,false,max=4;tops=16,1,max=1;tops=13;26,8,max=0;tops=6;7;9;11;13;14;16;18;20;22;24;26;27,3,max=0;tops=6;7;9;11;13;14;16;18;20;22;24;26;27,1,max=0;tops=6;7;9;11;13;14;16;18;20;22;24;26;27,15,max=0;tops=6;7;9;11;13;14;16;18;20;22;24;26;27,1,max=0;tops=6;7;9;11;13;14;16;18;20;22;24;26;27,17,max=0;tops=6;7;9;11;13;14;16;18;20;22;24;26;27,9,max=0;tops=6;7;9;11;13;14;16;18;20;22;24;26;27,42,max=0;tops=6;7;9;11;13;14;16;18;20;22;24;26;27,8,max=0;tops=6;7;9;11;13;14;16;18;20;22;24;26;27,53,max=0;tops=6;7;9;11;13;14;16;18;20;22;24;26;27,17
1066,2+31,6;8;9;11;13;15;17;19;20;21;23;24;25;27,6,27,14,2;1;2;2;2;2;2;1;1;2;1;1;2,20249681567/20078358300,171323267/20078358300,523262,3;5;7;11;13;17;19;23;29;37;41;43;47;53;59;61;67,17,3,2+31->3;5;7;11;13;17;19;23;29;37;41;43;47;53;59;61;67,false,false,false,max=3;tops=8;24,0,max=1;tops=13,1,max=1;tops=17,1,max=1;tops=19,1,max=0;tops=6;8;9;11;13;15;17;19;20;21;23;24;25;27,1,max=0;tops=6;8;9;11;13;15;17;19;20;21;23;24;25;27,0,max=0;tops=6;8;9;11;13;15;17;19;20;21;23;24;25;27,14,max=0;tops=6;8;9;11;13;15;17;19;20;21;23;24;25;27,10,max=0;tops=6;8;9;11;13;15;17;19;20;21;23;24;25;27,27,max=0;tops=6;8;9;11;13;15;17;19;20;21;23;24;25;27,30,max=0;tops=6;8;9;11;13;15;17;19;20;21;23;24;25;27,37,max=0;tops=6;8;9;11;13;15;17;19;20;21;23;24;25;27,62
1081,2+31,6;8;9;11;13;15;17;19;20;22;24;25;26;27,6,27,14,2;1;2;2;2;2;2;1;2;2;1;1;1,124878847/124710300,168547/124710300,523262,3;5;7;11;13;17;19;23;29;37;41;43;47;53;59;61;67,17,3,2+31->3;5;7;11;13;17;19;23;29;37;41;43;47;53;59;61;67,false,false,false,max=3;tops=8;24,0,max=1;tops=13;26,8,max=1;tops=17,1,max=1;tops=19,1,max=0;tops=6;8;9;11;13;15;17;19;20;22;24;25;26;27,1,max=0;tops=6;8;9;11;13;15;17;19;20;22;24;25;26;27,20,max=0;tops=6;8;9;11;13;15;17;19;20;22;24;25;26;27,4,max=0;tops=6;8;9;11;13;15;17;19;20;22;24;25;26;27,9,max=0;tops=6;8;9;11;13;15;17;19;20;22;24;25;26;27,41,max=0;tops=6;8;9;11;13;15;17;19;20;22;24;25;26;27,43,max=0;tops=6;8;9;11;13;15;17;19;20;22;24;25;26;27,15,max=0;tops=6;8;9;11;13;15;17;19;20;22;24;25;26;27,57
1411,2+31,6;8;10;11;13;15;17;18;20;22;23;24;26;28,6,28,14,2;2;1;2;2;2;1;2;2;1;1;2;2,17530166/17612595,-82429/17612595,523262,3;5;7;11;13;17;19;23;29;37;41;43;47;53;59;61;67,17,3,2+31->3;5;7;11;13;17;19;23;29;37;41;43;47;53;59;61;67,false,false,false,max=3;tops=8;24,0,max=1;tops=13;26,8,max=1;tops=17,1,max=0;tops=6;8;10;11;13;15;17;18;20;22;23;24;26;28,18,max=0;tops=6;8;10;11;13;15;17;18;20;22;23;24;26;28,1,max=0;tops=6;8;10;11;13;15;17;18;20;22;23;24;26;28,28,max=0;tops=6;8;10;11;13;15;17;18;20;22;23;24;26;28,39,max=0;tops=6;8;10;11;13;15;17;18;20;22;23;24;26;28,4,max=0;tops=6;8;10;11;13;15;17;18;20;22;23;24;26;28,34,max=0;tops=6;8;10;11;13;15;17;18;20;22;23;24;26;28,33,max=0;tops=6;8;10;11;13;15;17;18;20;22;23;24;26;28,27,max=0;tops=6;8;10;11;13;15;17;18;20;22;23;24;26;28,53
1443,2+31,6;8;10;11;13;15;17;19;21;22;23;24;25;27,6,27,14,2;2;1;2;2;2;2;2;1;1;1;1;2,4983830858/5019589575,-35758717/5019589575,523262,3;5;7;11;13;17;19;23;29;37;41;43;47;53;59;61;67,17,3,2+31->3;5;7;11;13;17;19;23;29;37;41;43;47;53;59;61;67,false,false,false,max=3;tops=8;24,0,max=1;tops=13,1,max=1;tops=17,1,max=1;tops=19,1,max=0;tops=6;8;10;11;13;15;17;19;21;22;23;24;25;27,1,max=0;tops=6;8;10;11;13;15;17;19;21;22;23;24;25;27,12,max=0;tops=6;8;10;11;13;15;17;19;21;22;23;24;25;27,8,max=0;tops=6;8;10;11;13;15;17;19;21;22;23;24;25;27,44,max=0;tops=6;8;10;11;13;15;17;19;21;22;23;24;25;27,17,max=0;tops=6;8;10;11;13;15;17;19;21;22;23;24;25;27,38,max=0;tops=6;8;10;11;13;15;17;19;21;22;23;24;25;27,25,max=0;tops=6;8;10;11;13;15;17;19;21;22;23;24;25;27,34
1638,2+31,6;8;10;12;13;15;17;18;19;20;22;24;26;27,6,27,14,2;2;2;1;2;2;1;1;1;2;2;2;1,6224417/6235515,-11098/6235515,523262,3;5;7;11;13;17;19;23;29;37;41;43;47;53;59;61;67,17,3,2+31->3;5;7;11;13;17;19;23;29;37;41;43;47;53;59;61;67,false,false,false,max=3;tops=8;24,0,max=1;tops=13;26,8,max=1;tops=17,1,max=1;tops=19,1,max=0;tops=6;8;10;12;13;15;17;18;19;20;22;24;26;27,1,max=0;tops=6;8;10;12;13;15;17;18;19;20;22;24;26;27,15,max=0;tops=6;8;10;12;13;15;17;18;19;20;22;24;26;27,11,max=0;tops=6;8;10;12;13;15;17;18;19;20;22;24;26;27,44,max=0;tops=6;8;10;12;13;15;17;18;19;20;22;24;26;27,39,max=0;tops=6;8;10;12;13;15;17;18;19;20;22;24;26;27,21,max=0;tops=6;8;10;12;13;15;17;18;19;20;22;24;26;27,37,max=0;tops=6;8;10;12;13;15;17;18;19;20;22;24;26;27,38
1676,2+31,6;8;10;12;13;15;17;19;20;21;23;24;25;26,6,26,14,2;2;2;1;2;2;2;1;1;2;1;1;1,50260307/50702925,-442618/50702925,457710,3;5;7;13;17;19;23;29;37;41;43;47;53;61;67,15,3,2+31->3;5;7;13;17;19;23;29;37;41;43;47;53;61;67,false,false,false,max=3;tops=8;24,0,max=1;tops=13;26,8,max=1;tops=17,1,max=1;tops=19,1,max=0;tops=6;8;10;12;13;15;17;19;20;21;23;24;25;26,1,max=0;tops=6;8;10;12;13;15;17;19;20;21;23;24;25;26,36,max=0;tops=6;8;10;12;13;15;17;19;20;21;23;24;25;26,20,max=0;tops=6;8;10;12;13;15;17;19;20;21;23;24;25;26,27,max=0;tops=6;8;10;12;13;15;17;19;20;21;23;24;25;26,35,max=0;tops=6;8;10;12;13;15;17;19;20;21;23;24;25;26,1,max=0;tops=6;8;10;12;13;15;17;19;20;21;23;24;25;26,5,max=0;tops=6;8;10;12;13;15;17;19;20;21;23;24;25;26,38
1811,2+31,6;8;10;12;14;15;17;18;19;21;22;23;24;25,6,25,14,2;2;2;2;1;2;1;1;2;1;1;1;1,513967063/514829700,-862637/514829700,523262,3;5;7;11;13;17;19;23;29;37;41;43;47;53;59;61;67,17,3,2+31->3;5;7;11;13;17;19;23;29;37;41;43;47;53;59;61;67,false,false,false,max=3;tops=8;24,0,max=0;tops=6;8;10;12;14;15;17;18;19;21;22;23;24;25,8,max=1;tops=17,1,max=1;tops=19,1,max=0;tops=6;8;10;12;14;15;17;18;19;21;22;23;24;25,1,max=0;tops=6;8;10;12;14;15;17;18;19;21;22;23;24;25,31,max=0;tops=6;8;10;12;14;15;17;18;19;21;22;23;24;25,20,max=0;tops=6;8;10;12;14;15;17;18;19;21;22;23;24;25,6,max=0;tops=6;8;10;12;14;15;17;18;19;21;22;23;24;25,43,max=0;tops=6;8;10;12;14;15;17;18;19;21;22;23;24;25,35,max=0;tops=6;8;10;12;14;15;17;18;19;21;22;23;24;25,58,max=0;tops=6;8;10;12;14;15;17;18;19;21;22;23;24;25,30
1860,2+31,6;8;10;12;14;15;17;19;21;22;24;25;26;28;30,6,30,15,2;2;2;2;1;2;2;2;1;2;1;1;2;2,8138038/8083075,54963/8083075,523260,5;7;11;13;17;19;23;29;37;41;43;47;53;59;61;67,16,5,2+31->5;7;11;13;17;19;23;29;37;41;43;47;53;59;61;67,false,false,false,max=3;tops=8;24,0,max=1;tops=26,7,max=1;tops=17,1,max=1;tops=19,1,max=0;tops=6;8;10;12;14;15;17;19;21;22;24;25;26;28;30,1,max=0;tops=6;8;10;12;14;15;17;19;21;22;24;25;26;28;30,2,max=0;tops=6;8;10;12;14;15;17;19;21;22;24;25;26;28;30,16,max=0;tops=6;8;10;12;14;15;17;19;21;22;24;25;26;28;30,18,max=0;tops=6;8;10;12;14;15;17;19;21;22;24;25;26;28;30,14,max=0;tops=6;8;10;12;14;15;17;19;21;22;24;25;26;28;30,40,max=0;tops=6;8;10;12;14;15;17;19;21;22;24;25;26;28;30,48,max=0;tops=6;8;10;12;14;15;17;19;21;22;24;25;26;28;30,53
2322,2+31,7;8;9;10;12;13;15;17;19;20;22;23;24,7,24,13,1;1;1;2;1;2;2;2;1;2;1;1,667903853/669278610,-1374757/669278610,392190,3;5;7;11;13;17;19;23;29;37;41;43;47;53;59;67,16,3,2+31->3;5;7;11;13;17;19;23;29;37;41;43;47;53;59;67,false,false,false,max=3;tops=8;24,0,max=1;tops=13,1,max=1;tops=17,1,max=1;tops=19,1,max=0;tops=7;8;9;10;12;13;15;17;19;20;22;23;24,1,max=0;tops=7;8;9;10;12;13;15;17;19;20;22;23;24,6,max=0;tops=7;8;9;10;12;13;15;17;19;20;22;23;24,24,max=0;tops=7;8;9;10;12;13;15;17;19;20;22;23;24,3,max=0;tops=7;8;9;10;12;13;15;17;19;20;22;23;24,48,max=0;tops=7;8;9;10;12;13;15;17;19;20;22;23;24,9,max=0;tops=7;8;9;10;12;13;15;17;19;20;22;23;24,1,max=0;tops=7;8;9;10;12;13;15;17;19;20;22;23;24,52
2349,2+31,7;8;9;10;12;14;15;17;18;19;20;22;24,7,24,13,1;1;1;2;2;1;2;1;1;1;2;2,749509/746130,3379/746130,523260,5;7;11;13;17;19;23;29;37;41;43;47;53;59;61;67,16,5,2+31->5;7;11;13;17;19;23;29;37;41;43;47;53;59;61;67,false,false,false,max=3;tops=8;24,0,max=0;tops=7;8;9;10;12;14;15;17;18;19;20;22;24,9,max=1;tops=17,1,max=1;tops=19,1,max=0;tops=7;8;9;10;12;14;15;17;18;19;20;22;24,1,max=0;tops=7;8;9;10;12;14;15;17;18;19;20;22;24,0,max=0;tops=7;8;9;10;12;14;15;17;18;19;20;22;24,40,max=0;tops=7;8;9;10;12;14;15;17;18;19;20;22;24,0,max=0;tops=7;8;9;10;12;14;15;17;18;19;20;22;24,44,max=0;tops=7;8;9;10;12;14;15;17;18;19;20;22;24,2,max=0;tops=7;8;9;10;12;14;15;17;18;19;20;22;24,11,max=0;tops=7;8;9;10;12;14;15;17;18;19;20;22;24,51
2458,2+31,7;8;9;11;12;13;15;17;18;20;21;23;24,7,24,13,1;1;2;1;1;2;2;1;2;1;2;1,5835308/5870865,-35557/5870865,521212,5;7;11;13;17;19;23;29;41;43;47;53;59;61;67,15,5,2+31->5;7;11;13;17;19;23;29;41;43;47;53;59;61;67,false,false,false,max=3;tops=8;24,0,max=1;tops=13,1,max=1;tops=17,1,max=0;tops=7;8;9;11;12;13;15;17;18;20;21;23;24,5,max=0;tops=7;8;9;11;12;13;15;17;18;20;21;23;24,1,max=0;tops=7;8;9;11;12;13;15;17;18;20;21;23;24,1,max=0;tops=7;8;9;11;12;13;15;17;18;20;21;23;24,20,max=0;tops=7;8;9;11;12;13;15;17;18;20;21;23;24,23,max=0;tops=7;8;9;11;12;13;15;17;18;20;21;23;24,4,max=0;tops=7;8;9;11;12;13;15;17;18;20;21;23;24,35,max=0;tops=7;8;9;11;12;13;15;17;18;20;21;23;24,36,max=0;tops=7;8;9;11;12;13;15;17;18;20;21;23;24,66
2588,2+31,7;8;9;11;13;14;15;17;19;21;22;24;25;26,7,26,14,1;1;2;2;1;1;2;2;2;1;2;1;1,73442602/72747675,694927/72747675,522750,3;5;7;11;13;17;19;23;37;41;43;47;53;59;61;67,16,3,2+31->3;5;7;11;13;17;19;23;37;41;43;47;53;59;61;67,false,false,false,max=3;tops=8;24,0,max=1;tops=13;26,8,max=1;tops=17,1,max=1;tops=19,1,max=0;tops=7;8;9;11;13;14;15;17;19;21;22;24;25;26,1,max=0;tops=7;8;9;11;13;14;15;17;19;21;22;24;25;26,19,max=0;tops=7;8;9;11;13;14;15;17;19;21;22;24;25;26,13,max=0;tops=7;8;9;11;13;14;15;17;19;21;22;24;25;26,27,max=0;tops=7;8;9;11;13;14;15;17;19;21;22;24;25;26,21,max=0;tops=7;8;9;11;13;14;15;17;19;21;22;24;25;26,36,max=0;tops=7;8;9;11;13;14;15;17;19;21;22;24;25;26,30,max=0;tops=7;8;9;11;13;14;15;17;19;21;22;24;25;26,27
2756,2+31,7;8;9;11;13;15;17;18;19;20;22;23;24;25,7,25,14,1;1;2;2;2;2;1;1;1;2;1;1;1,744443971/743642900,801071/743642900,523260,5;7;11;13;17;19;23;29;37;41;43;47;53;59;61;67,16,5,2+31->5;7;11;13;17;19;23;29;37;41;43;47;53;59;61;67,false,false,false,max=3;tops=8;24,0,max=1;tops=13,1,max=1;tops=17,1,max=1;tops=19,1,max=0;tops=7;8;9;11;13;15;17;18;19;20;22;23;24;25,1,max=0;tops=7;8;9;11;13;15;17;18;19;20;22;23;24;25,11,max=0;tops=7;8;9;11;13;15;17;18;19;20;22;23;24;25,17,max=0;tops=7;8;9;11;13;15;17;18;19;20;22;23;24;25,15,max=0;tops=7;8;9;11;13;15;17;18;19;20;22;23;24;25,50,max=0;tops=7;8;9;11;13;15;17;18;19;20;22;23;24;25,31,max=0;tops=7;8;9;11;13;15;17;18;19;20;22;23;24;25,40,max=0;tops=7;8;9;11;13;15;17;18;19;20;22;23;24;25,4
2793,2+31,7;8;9;11;13;15;17;19;20;22;24;25;26;28;30,7,30,15,1;1;2;2;2;2;2;1;2;2;1;1;2;2,73442602/72747675,694927/72747675,522750,3;5;7;11;13;17;19;23;37;41;43;47;53;59;61;67,16,3,2+31->3;5;7;11;13;17;19;23;37;41;43;47;53;59;61;67,false,false,false,max=3;tops=8;24,0,max=1;tops=13;26,8,max=1;tops=17,1,max=1;tops=19,1,max=0;tops=7;8;9;11;13;15;17;19;20;22;24;25;26;28;30,1,max=0;tops=7;8;9;11;13;15;17;19;20;22;24;25;26;28;30,19,max=0;tops=7;8;9;11;13;15;17;19;20;22;24;25;26;28;30,13,max=0;tops=7;8;9;11;13;15;17;19;20;22;24;25;26;28;30,27,max=0;tops=7;8;9;11;13;15;17;19;20;22;24;25;26;28;30,21,max=0;tops=7;8;9;11;13;15;17;19;20;22;24;25;26;28;30,36,max=0;tops=7;8;9;11;13;15;17;19;20;22;24;25;26;28;30,30,max=0;tops=7;8;9;11;13;15;17;19;20;22;24;25;26;28;30,27
2914,2+31,7;8;10;11;12;13;15;17;19;21;22;24;25;27,7,27,14,1;2;1;1;1;2;2;2;2;1;2;1;2,880760509/872972100,7788409/872972100,523262,3;5;7;11;13;17;19;23;29;37;41;43;47;53;59;61;67,17,3,2+31->3;5;7;11;13;17;19;23;29;37;41;43;47;53;59;61;67,false,false,false,max=3;tops=8;24,0,max=1;tops=13,1,max=1;tops=17,1,max=1;tops=19,1,max=0;tops=7;8;10;11;12;13;15;17;19;21;22;24;25;27,1,max=0;tops=7;8;10;11;12;13;15;17;19;21;22;24;25;27,2,max=0;tops=7;8;10;11;12;13;15;17;19;21;22;24;25;27,6,max=0;tops=7;8;10;11;12;13;15;17;19;21;22;24;25;27,22,max=0;tops=7;8;10;11;12;13;15;17;19;21;22;24;25;27,47,max=0;tops=7;8;10;11;12;13;15;17;19;21;22;24;25;27,32,max=0;tops=7;8;10;11;12;13;15;17;19;21;22;24;25;27,57,max=0;tops=7;8;10;11;12;13;15;17;19;21;22;24;25;27,19
3061,19+37,7;8;10;11;13;14;15;17;18;20;21;23;25;26,7,26,14,1;2;1;2;1;1;2;1;2;1;2;2;1,709944317/704503800,5440517/704503800,522111,2;3;5;7;11;13;17;23;29;31;41;43;47;53;59;61;67,17,2,19+37->2;3;5;7;11;13;17;23;29;31;41;43;47;53;59;61;67,false,false,false,max=3;tops=8,1,max=1;tops=13;26,8,max=1;tops=17,1,max=0;tops=7;8;10;11;13;14;15;17;18;20;21;23;25;26,1,max=0;tops=7;8;10;11;13;14;15;17;18;20;21;23;25;26,18,max=0;tops=7;8;10;11;13;14;15;17;18;20;21;23;25;26,1,max=0;tops=7;8;10;11;13;14;15;17;18;20;21;23;25;26,4,max=0;tops=7;8;10;11;13;14;15;17;18;20;21;23;25;26,42,max=0;tops=7;8;10;11;13;14;15;17;18;20;21;23;25;26,28,max=0;tops=7;8;10;11;13;14;15;17;18;20;21;23;25;26,47,max=0;tops=7;8;10;11;13;14;15;17;18;20;21;23;25;26,36,max=0;tops=7;8;10;11;13;14;15;17;18;20;21;23;25;26,54
3271,2+31,7;8;10;11;13;15;17;18;19;20;21;23;24;25,7,25,14,1;2;1;2;2;2;1;1;1;1;2;1;1,6640117999/6692786100,-52668101/6692786100,523262,3;5;7;11;13;17;19;23;29;37;41;43;47;53;59;61;67,17,3,2+31->3;5;7;11;13;17;19;23;29;37;41;43;47;53;59;61;67,false,false,false,max=3;tops=8;24,0,max=1;tops=13,1,max=1;tops=17,1,max=1;tops=19,1,max=0;tops=7;8;10;11;13;15;17;18;19;20;21;23;24;25,1,max=0;tops=7;8;10;11;13;15;17;18;19;20;21;23;24;25,2,max=0;tops=7;8;10;11;13;15;17;18;19;20;21;23;24;25,37,max=0;tops=7;8;10;11;13;15;17;18;19;20;21;23;24;25,21,max=0;tops=7;8;10;11;13;15;17;18;19;20;21;23;24;25,14,max=0;tops=7;8;10;11;13;15;17;18;19;20;21;23;24;25,44,max=0;tops=7;8;10;11;13;15;17;18;19;20;21;23;24;25,7,max=0;tops=7;8;10;11;13;15;17;18;19;20;21;23;24;25,55
3339,2+31,7;8;10;11;13;15;17;19;20;22;23;24;25;26;27,7,27,15,1;2;1;2;2;2;2;1;2;1;1;1;1;1,20277317447/20078358300,198959147/20078358300,523262,3;5;7;11;13;17;19;23;29;37;41;43;47;53;59;61;67,17,3,2+31->3;5;7;11;13;17;19;23;29;37;41;43;47;53;59;61;67,false,false,false,max=3;tops=8;24,0,max=1;tops=13;26,8,max=1;tops=17,1,max=1;tops=19,1,max=0;tops=7;8;10;11;13;15;17;19;20;22;23;24;25;26;27,1,max=0;tops=7;8;10;11;13;15;17;19;20;22;23;24;25;26;27,27,max=0;tops=7;8;10;11;13;15;17;19;20;22;23;24;25;26;27,33,max=0;tops=7;8;10;11;13;15;17;19;20;22;23;24;25;26;27,38,max=0;tops=7;8;10;11;13;15;17;19;20;22;23;24;25;26;27,4,max=0;tops=7;8;10;11;13;15;17;19;20;22;23;24;25;26;27,28,max=0;tops=7;8;10;11;13;15;17;19;20;22;23;24;25;26;27,28,max=0;tops=7;8;10;11;13;15;17;19;20;22;23;24;25;26;27,49
3367,2+31,7;8;10;11;13;15;17;19;20;22;24;26;28;29;30,7,30,15,1;2;1;2;2;2;2;1;2;2;2;2;1;1,55860131/56258202,-398071/56258202,523258,3;7;11;13;17;19;23;29;37;41;43;47;53;59;61;67,16,3,2+31->3;7;11;13;17;19;23;29;37;41;43;47;53;59;61;67,false,false,false,max=3;tops=8;24,0,max=1;tops=13;26,8,max=1;tops=17,1,max=1;tops=19,1,max=0;tops=7;8;10;11;13;15;17;19;20;22;24;26;28;29;30,1,max=0;tops=7;8;10;11;13;15;17;19;20;22;24;26;28;29;30,32,max=0;tops=7;8;10;11;13;15;17;19;20;22;24;26;28;29;30,12,max=0;tops=7;8;10;11;13;15;17;19;20;22;24;26;28;29;30,20,max=0;tops=7;8;10;11;13;15;17;19;20;22;24;26;28;29;30,25,max=0;tops=7;8;10;11;13;15;17;19;20;22;24;26;28;29;30,27,max=0;tops=7;8;10;11;13;15;17;19;20;22;24;26;28;29;30,8,max=0;tops=7;8;10;11;13;15;17;19;20;22;24;26;28;29;30,37
3408,2+31,7;8;10;11;13;15;17;19;21;23;24;26;27;28;30,7,30,15,1;2;1;2;2;2;2;2;2;1;2;1;1;2,3980017537/4015671660,-35654123/4015671660,523262,3;5;7;11;13;17;19;23;29;37;41;43;47;53;59;61;67,17,3,2+31->3;5;7;11;13;17;19;23;29;37;41;43;47;53;59;61;67,false,false,false,max=3;tops=8;24,0,max=1;tops=13;26,8,max=1;tops=17,1,max=1;tops=19,1,max=0;tops=7;8;10;11;13;15;17;19;21;23;24;26;27;28;30,1,max=0;tops=7;8;10;11;13;15;17;19;21;23;24;26;27;28;30,34,max=0;tops=7;8;10;11;13;15;17;19;21;23;24;26;27;28;30,34,max=0;tops=7;8;10;11;13;15;17;19;21;23;24;26;27;28;30,13,max=0;tops=7;8;10;11;13;15;17;19;21;23;24;26;27;28;30,45,max=0;tops=7;8;10;11;13;15;17;19;21;23;24;26;27;28;30,14,max=0;tops=7;8;10;11;13;15;17;19;21;23;24;26;27;28;30,38,max=0;tops=7;8;10;11;13;15;17;19;21;23;24;26;27;28;30,2
3438,2+31,7;8;10;12;13;14;15;17;18;19;21;22;24;26,7,26,14,1;2;2;1;1;1;2;1;1;2;1;2;2,11714369/11639628,74741/11639628,523258,3;7;11;13;17;19;23;29;37;41;43;47;53;59;61;67,16,3,2+31->3;7;11;13;17;19;23;29;37;41;43;47;53;59;61;67,false,false,false,max=3;tops=8;24,0,max=1;tops=13;26,8,max=1;tops=17,1,max=1;tops=19,1,max=0;tops=7;8;10;12;13;14;15;17;18;19;21;22;24;26,1,max=0;tops=7;8;10;12;13;14;15;17;18;19;21;22;24;26,14,max=0;tops=7;8;10;12;13;14;15;17;18;19;21;22;24;26,20,max=0;tops=7;8;10;12;13;14;15;17;18;19;21;22;24;26,15,max=0;tops=7;8;10;12;13;14;15;17;18;19;21;22;24;26,19,max=0;tops=7;8;10;12;13;14;15;17;18;19;21;22;24;26,14,max=0;tops=7;8;10;12;13;14;15;17;18;19;21;22;24;26,52,max=0;tops=7;8;10;12;13;14;15;17;18;19;21;22;24;26,8
3681,2+31,7;8;10;12;13;15;17;18;19;20;22;24;26;28;30,7,30,15,1;2;2;1;2;2;1;1;1;2;2;2;2;2,11714369/11639628,74741/11639628,523258,3;7;11;13;17;19;23;29;37;41;43;47;53;59;61;67,16,3,2+31->3;7;11;13;17;19;23;29;37;41;43;47;53;59;61;67,false,false,false,max=3;tops=8;24,0,max=1;tops=13;26,8,max=1;tops=17,1,max=1;tops=19,1,max=0;tops=7;8;10;12;13;15;17;18;19;20;22;24;26;28;30,1,max=0;tops=7;8;10;12;13;15;17;18;19;20;22;24;26;28;30,14,max=0;tops=7;8;10;12;13;15;17;18;19;20;22;24;26;28;30,20,max=0;tops=7;8;10;12;13;15;17;18;19;20;22;24;26;28;30,15,max=0;tops=7;8;10;12;13;15;17;18;19;20;22;24;26;28;30,19,max=0;tops=7;8;10;12;13;15;17;18;19;20;22;24;26;28;30,14,max=0;tops=7;8;10;12;13;15;17;18;19;20;22;24;26;28;30,52,max=0;tops=7;8;10;12;13;15;17;18;19;20;22;24;26;28;30,8
3769,2+31,7;8;10;12;13;15;17;19;20;21;22;24;26;28;29,7,29,15,1;2;2;1;2;2;2;1;1;1;2;2;2;1,187458737/187527340,-68603/187527340,523260,5;7;11;13;17;19;23;29;37;41;43;47;53;59;61;67,16,5,2+31->5;7;11;13;17;19;23;29;37;41;43;47;53;59;61;67,false,false,false,max=3;tops=8;24,0,max=1;tops=13;26,8,max=1;tops=17,1,max=1;tops=19,1,max=0;tops=7;8;10;12;13;15;17;19;20;21;22;24;26;28;29,1,max=0;tops=7;8;10;12;13;15;17;19;20;21;22;24;26;28;29,11,max=0;tops=7;8;10;12;13;15;17;19;20;21;22;24;26;28;29,38,max=0;tops=7;8;10;12;13;15;17;19;20;21;22;24;26;28;29,39,max=0;tops=7;8;10;12;13;15;17;19;20;21;22;24;26;28;29,52,max=0;tops=7;8;10;12;13;15;17;19;20;21;22;24;26;28;29,32,max=0;tops=7;8;10;12;13;15;17;19;20;21;22;24;26;28;29,48,max=0;tops=7;8;10;12;13;15;17;19;20;21;22;24;26;28;29,49
3789,2+31,7;8;10;12;13;15;17;19;20;22;23;24;25;27;28,7,28,15,1;2;2;1;2;2;2;1;2;1;1;1;2;1,20070048347/20078358300,-8309953/20078358300,523262,3;5;7;11;13;17;19;23;29;37;41;43;47;53;59;61;67,17,3,2+31->3;5;7;11;13;17;19;23;29;37;41;43;47;53;59;61;67,false,false,false,max=3;tops=8;24,0,max=1;tops=13,1,max=1;tops=17,1,max=1;tops=19,1,max=0;tops=7;8;10;12;13;15;17;19;20;22;23;24;25;27;28,1,max=0;tops=7;8;10;12;13;15;17;19;20;22;23;24;25;27;28,28,max=0;tops=7;8;10;12;13;15;17;19;20;22;23;24;25;27;28,34,max=0;tops=7;8;10;12;13;15;17;19;20;22;23;24;25;27;28,16,max=0;tops=7;8;10;12;13;15;17;19;20;22;23;24;25;27;28,44,max=0;tops=7;8;10;12;13;15;17;19;20;22;23;24;25;27;28,43,max=0;tops=7;8;10;12;13;15;17;19;20;22;23;24;25;27;28,4,max=0;tops=7;8;10;12;13;15;17;19;20;22;23;24;25;27;28,46
3977,2+31,7;8;10;12;14;15;17;18;19;20;22;24;25;27;28,7,28,15,1;2;2;2;1;2;1;1;1;2;2;1;2;1,9652279/9593100,59179/9593100,522998,3;5;11;13;17;19;29;37;41;43;47;53;59;61;67,15,3,2+31->3;5;11;13;17;19;29;37;41;43;47;53;59;61;67,false,false,false,max=3;tops=8;24,0,max=0;tops=7;8;10;12;14;15;17;18;19;20;22;24;25;27;28,0,max=1;tops=17,1,max=1;tops=19,1,max=0;tops=7;8;10;12;14;15;17;18;19;20;22;24;25;27;28,1,max=0;tops=7;8;10;12;14;15;17;18;19;20;22;24;25;27;28,22,max=0;tops=7;8;10;12;14;15;17;18;19;20;22;24;25;27;28,9,max=0;tops=7;8;10;12;14;15;17;18;19;20;22;24;25;27;28,13,max=0;tops=7;8;10;12;14;15;17;18;19;20;22;24;25;27;28,40,max=0;tops=7;8;10;12;14;15;17;18;19;20;22;24;25;27;28,36,max=0;tops=7;8;10;12;14;15;17;18;19;20;22;24;25;27;28,14,max=0;tops=7;8;10;12;14;15;17;18;19;20;22;24;25;27;28,45
4003,2+31,7;8;10;12;14;15;17;18;19;21;23;24;26;28;30,7,30,15,1;2;2;2;1;2;1;1;2;2;1;2;2;2,60634787/60843510,-208723/60843510,523262,3;5;7;11;13;17;19;23;29;37;41;43;47;53;59;61;67,17,3,2+31->3;5;7;11;13;17;19;23;29;37;41;43;47;53;59;61;67,false,false,false,max=3;tops=8;24,0,max=1;tops=26,7,max=1;tops=17,1,max=1;tops=19,1,max=0;tops=7;8;10;12;14;15;17;18;19;21;23;24;26;28;30,1,max=0;tops=7;8;10;12;14;15;17;18;19;21;23;24;26;28;30,16,max=0;tops=7;8;10;12;14;15;17;18;19;21;23;24;26;28;30,5,max=0;tops=7;8;10;12;14;15;17;18;19;21;23;24;26;28;30,22,max=0;tops=7;8;10;12;14;15;17;18;19;21;23;24;26;28;30,18,max=0;tops=7;8;10;12;14;15;17;18;19;21;23;24;26;28;30,11,max=0;tops=7;8;10;12;14;15;17;18;19;21;23;24;26;28;30,10,max=0;tops=7;8;10;12;14;15;17;18;19;21;23;24;26;28;30,65
4959,19+37,7;9;10;11;13;14;15;16;18;20;22;24;26;27,7,27,14,2;1;1;2;1;1;1;2;2;2;2;2;1,2141773/2162160,-20387/2162160,521599,2;3;5;7;11;13;17;23;31;41;43;47;53;59;61;67,16,2,19+37->2;3;5;7;11;13;17;23;31;41;43;47;53;59;61;67,false,false,false,max=4;tops=16,1,max=1;tops=13;26,8,max=0;tops=7;9;10;11;13;14;15;16;18;20;22;24;26;27,3,max=0;tops=7;9;10;11;13;14;15;16;18;20;22;24;26;27,1,max=0;tops=7;9;10;11;13;14;15;16;18;20;22;24;26;27,15,max=0;tops=7;9;10;11;13;14;15;16;18;20;22;24;26;27,1,max=0;tops=7;9;10;11;13;14;15;16;18;20;22;24;26;27,17,max=0;tops=7;9;10;11;13;14;15;16;18;20;22;24;26;27,9,max=0;tops=7;9;10;11;13;14;15;16;18;20;22;24;26;27,42,max=0;tops=7;9;10;11;13;14;15;16;18;20;22;24;26;27,8,max=0;tops=7;9;10;11;13;14;15;16;18;20;22;24;26;27,53,max=0;tops=7;9;10;11;13;14;15;16;18;20;22;24;26;27,17
7388,19+37,7;9;11;12;13;14;16;18;20;21;22;24;26;27;28,7,28,15,2;2;1;1;1;2;2;2;1;1;2;2;1;1,2141773/2162160,-20387/2162160,521599,2;3;5;7;11;13;17;23;31;41;43;47;53;59;61;67,16,2,19+37->2;3;5;7;11;13;17;23;31;41;43;47;53;59;61;67,false,false,false,max=4;tops=16,1,max=1;tops=13;26,8,max=0;tops=7;9;11;12;13;14;16;18;20;21;22;24;26;27;28,3,max=0;tops=7;9;11;12;13;14;16;18;20;21;22;24;26;27;28,1,max=0;tops=7;9;11;12;13;14;16;18;20;21;22;24;26;27;28,15,max=0;tops=7;9;11;12;13;14;16;18;20;21;22;24;26;27;28,1,max=0;tops=7;9;11;12;13;14;16;18;20;21;22;24;26;27;28,17,max=0;tops=7;9;11;12;13;14;16;18;20;21;22;24;26;27;28,9,max=0;tops=7;9;11;12;13;14;16;18;20;21;22;24;26;27;28,42,max=0;tops=7;9;11;12;13;14;16;18;20;21;22;24;26;27;28,8,max=0;tops=7;9;11;12;13;14;16;18;20;21;22;24;26;27;28,53,max=0;tops=7;9;11;12;13;14;16;18;20;21;22;24;26;27;28,17
11716,19+37,7;9;11;13;15;16;18;20;21;22;24;26;27;29;30;32;34,7,34,17,2;2;2;2;1;2;2;1;1;2;2;1;2;1;2;2,2121740549/2131889760,-10149211/2131889760,522111,2;3;5;7;11;13;17;23;29;31;41;43;47;53;59;61;67,17,2,19+37->2;3;5;7;11;13;17;23;29;31;41;43;47;53;59;61;67,false,false,false,max=5;tops=32,1,max=1;tops=13;26,8,max=1;tops=34,9,max=0;tops=7;9;11;13;15;16;18;20;21;22;24;26;27;29;30;32;34,1,max=0;tops=7;9;11;13;15;16;18;20;21;22;24;26;27;29;30;32;34,6,max=0;tops=7;9;11;13;15;16;18;20;21;22;24;26;27;29;30;32;34,1,max=0;tops=7;9;11;13;15;16;18;20;21;22;24;26;27;29;30;32;34,25,max=0;tops=7;9;11;13;15;16;18;20;21;22;24;26;27;29;30;32;34,15,max=0;tops=7;9;11;13;15;16;18;20;21;22;24;26;27;29;30;32;34,27,max=0;tops=7;9;11;13;15;16;18;20;21;22;24;26;27;29;30;32;34,7,max=0;tops=7;9;11;13;15;16;18;20;21;22;24;26;27;29;30;32;34,50,max=0;tops=7;9;11;13;15;16;18;20;21;22;24;26;27;29;30;32;34,16
13405,2+31,8;9;10;11;13;14;15;17;19;20;22;23;24;26;28,8,28,15,1;1;1;2;1;1;2;2;1;2;1;1;2;2,674812823/669278610,5534213/669278610,523262,3;5;7;11;13;17;19;23;29;37;41;43;47;53;59;61;67,17,3,2+31->3;5;7;11;13;17;19;23;29;37;41;43;47;53;59;61;67,false,false,false,max=3;tops=8;24,0,max=1;tops=13;26,8,max=1;tops=17,1,max=1;tops=19,1,max=0;tops=8;9;10;11;13;14;15;17;19;20;22;23;24;26;28,1,max=0;tops=8;9;10;11;13;14;15;17;19;20;22;23;24;26;28,5,max=0;tops=8;9;10;11;13;14;15;17;19;20;22;23;24;26;28,23,max=0;tops=8;9;10;11;13;14;15;17;19;20;22;23;24;26;28,25,max=0;tops=8;9;10;11;13;14;15;17;19;20;22;23;24;26;28,8,max=0;tops=8;9;10;11;13;14;15;17;19;20;22;23;24;26;28,53,max=0;tops=8;9;10;11;13;14;15;17;19;20;22;23;24;26;28,25,max=0;tops=8;9;10;11;13;14;15;17;19;20;22;23;24;26;28,55
13413,2+31,8;9;10;11;13;14;15;17;19;20;22;24;25;27;29,8,29,15,1;1;1;2;1;1;2;2;1;2;2;1;2;2,25370231681/25316190900,54040781/25316190900,523262,3;5;7;11;13;17;19;23;29;37;41;43;47;53;59;61;67,17,3,2+31->3;5;7;11;13;17;19;23;29;37;41;43;47;53;59;61;67,false,false,false,max=3;tops=8;24,0,max=1;tops=13,1,max=1;tops=17,1,max=1;tops=19,1,max=0;tops=8;9;10;11;13;14;15;17;19;20;22;24;25;27;29,1,max=0;tops=8;9;10;11;13;14;15;17;19;20;22;24;25;27;29,36,max=0;tops=8;9;10;11;13;14;15;17;19;20;22;24;25;27;29,24,max=0;tops=8;9;10;11;13;14;15;17;19;20;22;24;25;27;29,46,max=0;tops=8;9;10;11;13;14;15;17;19;20;22;24;25;27;29,27,max=0;tops=8;9;10;11;13;14;15;17;19;20;22;24;25;27;29,50,max=0;tops=8;9;10;11;13;14;15;17;19;20;22;24;25;27;29,53,max=0;tops=8;9;10;11;13;14;15;17;19;20;22;24;25;27;29,60
13816,2+31,8;9;10;11;13;15;17;18;19;21;22;23;24;25;27,8,27,15,1;1;1;2;2;2;1;1;2;1;1;1;1;2,4983830858/5019589575,-35758717/5019589575,523262,3;5;7;11;13;17;19;23;29;37;41;43;47;53;59;61;67,17,3,2+31->3;5;7;11;13;17;19;23;29;37;41;43;47;53;59;61;67,false,false,false,max=3;tops=8;24,0,max=1;tops=13,1,max=1;tops=17,1,max=1;tops=19,1,max=0;tops=8;9;10;11;13;15;17;18;19;21;22;23;24;25;27,1,max=0;tops=8;9;10;11;13;15;17;18;19;21;22;23;24;25;27,12,max=0;tops=8;9;10;11;13;15;17;18;19;21;22;23;24;25;27,8,max=0;tops=8;9;10;11;13;15;17;18;19;21;22;23;24;25;27,44,max=0;tops=8;9;10;11;13;15;17;18;19;21;22;23;24;25;27,17,max=0;tops=8;9;10;11;13;15;17;18;19;21;22;23;24;25;27,38,max=0;tops=8;9;10;11;13;15;17;18;19;21;22;23;24;25;27,25,max=0;tops=8;9;10;11;13;15;17;18;19;21;22;23;24;25;27,34
14027,2+31,8;9;10;11;13;15;17;19;21;22;24;25;26;27;28;30,8,30,16,1;1;1;2;2;2;2;2;1;2;1;1;1;1;2,124878847/124710300,168547/124710300,523254,3;5;11;13;17;19;23;29;37;41;43;47;53;59;61;67,16,3,2+31->3;5;11;13;17;19;23;29;37;41;43;47;53;59;61;67,false,false,false,max=3;tops=8;24,0,max=1;tops=13;26,8,max=1;tops=17,1,max=1;tops=19,1,max=0;tops=8;9;10;11;13;15;17;19;21;22;24;25;26;27;28;30,1,max=0;tops=8;9;10;11;13;15;17;19;21;22;24;25;26;27;28;30,20,max=0;tops=8;9;10;11;13;15;17;19;21;22;24;25;26;27;28;30,4,max=0;tops=8;9;10;11;13;15;17;19;21;22;24;25;26;27;28;30,9,max=0;tops=8;9;10;11;13;15;17;19;21;22;24;25;26;27;28;30,41,max=0;tops=8;9;10;11;13;15;17;19;21;22;24;25;26;27;28;30,43,max=0;tops=8;9;10;11;13;15;17;19;21;22;24;25;26;27;28;30,15,max=0;tops=8;9;10;11;13;15;17;19;21;22;24;25;26;27;28;30,57
14153,2+31,8;9;10;12;13;14;15;17;18;20;22;24;26;28;30,8,30,15,1;1;2;1;1;1;2;1;2;2;2;2;2;2,202871/204204,-1333/204204,515064,7;11;13;17;19;23;29;37;41;47;53;59;61;67,14,7,2+31->7;11;13;17;19;23;29;37;41;47;53;59;61;67,false,false,false,max=3;tops=8;24,0,max=1;tops=13;26,8,max=1;tops=17,1,max=0;tops=8;9;10;12;13;14;15;17;18;20;22;24;26;28;30,18,max=0;tops=8;9;10;12;13;14;15;17;18;20;22;24;26;28;30,1,max=0;tops=8;9;10;12;13;14;15;17;18;20;22;24;26;28;30,0,max=0;tops=8;9;10;12;13;14;15;17;18;20;22;24;26;28;30,36,max=0;tops=8;9;10;12;13;14;15;17;18;20;22;24;26;28;30,41,max=0;tops=8;9;10;12;13;14;15;17;18;20;22;24;26;28;30,45,max=0;tops=8;9;10;12;13;14;15;17;18;20;22;24;26;28;30,53,max=0;tops=8;9;10;12;13;14;15;17;18;20;22;24;26;28;30,54,max=0;tops=8;9;10;12;13;14;15;17;18;20;22;24;26;28;30,6
14595,19+37,8;9;10;12;13;15;16;18;20;22;24;25;27;28;30;32,8,32,16,1;1;2;1;2;1;2;2;2;2;1;2;1;2;2,21525289/21621600,-96311/21621600,522111,2;3;5;7;11;13;17;23;29;31;41;43;47;53;59;61;67,17,2,19+37->2;3;5;7;11;13;17;23;29;31;41;43;47;53;59;61;67,false,false,false,max=5;tops=32,1,max=1;tops=13,1,max=0;tops=8;9;10;12;13;15;16;18;20;22;24;25;27;28;30;32,3,max=0;tops=8;9;10;12;13;15;16;18;20;22;24;25;27;28;30;32,1,max=0;tops=8;9;10;12;13;15;16;18;20;22;24;25;27;28;30;32,26,max=0;tops=8;9;10;12;13;15;16;18;20;22;24;25;27;28;30;32,1,max=0;tops=8;9;10;12;13;15;16;18;20;22;24;25;27;28;30;32,21,max=0;tops=8;9;10;12;13;15;16;18;20;22;24;25;27;28;30;32,44,max=0;tops=8;9;10;12;13;15;16;18;20;22;24;25;27;28;30;32,37,max=0;tops=8;9;10;12;13;15;16;18;20;22;24;25;27;28;30;32,57,max=0;tops=8;9;10;12;13;15;16;18;20;22;24;25;27;28;30;32,10,max=0;tops=8;9;10;12;13;15;16;18;20;22;24;25;27;28;30;32,58
14618,2+31,8;9;10;12;13;15;17;18;19;20;21;23;24;25;26,8,26,15,1;1;2;1;2;2;1;1;1;1;2;1;1;1,50260307/50702925,-442618/50702925,457708,5;7;13;17;19;23;29;37;41;43;47;53;61;67,14,5,2+31->5;7;13;17;19;23;29;37;41;43;47;53;61;67,false,false,false,max=3;tops=8;24,0,max=1;tops=13;26,8,max=1;tops=17,1,max=1;tops=19,1,max=0;tops=8;9;10;12;13;15;17;18;19;20;21;23;24;25;26,1,max=0;tops=8;9;10;12;13;15;17;18;19;20;21;23;24;25;26,36,max=0;tops=8;9;10;12;13;15;17;18;19;20;21;23;24;25;26,20,max=0;tops=8;9;10;12;13;15;17;18;19;20;21;23;24;25;26,27,max=0;tops=8;9;10;12;13;15;17;18;19;20;21;23;24;25;26,35,max=0;tops=8;9;10;12;13;15;17;18;19;20;21;23;24;25;26,1,max=0;tops=8;9;10;12;13;15;17;18;19;20;21;23;24;25;26,5,max=0;tops=8;9;10;12;13;15;17;18;19;20;21;23;24;25;26,38
14741,2+31,8;9;10;12;13;15;17;18;20;22;24;25;26;28;29;30,8,30,16,1;1;2;1;2;2;1;2;2;2;1;1;2;1;1,147533641/148047900,-514259/148047900,490492,5;7;11;13;17;19;23;29;37;41;43;47;59;61;67,15,5,2+31->5;7;11;13;17;19;23;29;37;41;43;47;59;61;67,false,false,false,max=3;tops=8;24,0,max=1;tops=13;26,8,max=1;tops=17,1,max=0;tops=8;9;10;12;13;15;17;18;20;22;24;25;26;28;29;30,2,max=0;tops=8;9;10;12;13;15;17;18;20;22;24;25;26;28;29;30,1,max=0;tops=8;9;10;12;13;15;17;18;20;22;24;25;26;28;29;30,18,max=0;tops=8;9;10;12;13;15;17;18;20;22;24;25;26;28;29;30,32,max=0;tops=8;9;10;12;13;15;17;18;20;22;24;25;26;28;29;30,2,max=0;tops=8;9;10;12;13;15;17;18;20;22;24;25;26;28;29;30,1,max=0;tops=8;9;10;12;13;15;17;18;20;22;24;25;26;28;29;30,39,max=0;tops=8;9;10;12;13;15;17;18;20;22;24;25;26;28;29;30,7,max=0;tops=8;9;10;12;13;15;17;18;20;22;24;25;26;28;29;30,11
14789,2+31,8;9;10;12;13;15;17;19;20;21;23;24;26;28;29;30,8,30,16,1;1;2;1;2;2;2;1;1;2;1;2;2;1;1,100750283/100826388,-76105/100826388,523250,3;11;13;17;19;23;29;37;41;43;47;53;59;61;67,15,3,2+31->3;11;13;17;19;23;29;37;41;43;47;53;59;61;67,false,false,false,max=3;tops=8;24,0,max=1;tops=13;26,8,max=1;tops=17,1,max=1;tops=19,1,max=0;tops=8;9;10;12;13;15;17;19;20;21;23;24;26;28;29;30,1,max=0;tops=8;9;10;12;13;15;17;19;20;21;23;24;26;28;29;30,9,max=0;tops=8;9;10;12;13;15;17;19;20;21;23;24;26;28;29;30,5,max=0;tops=8;9;10;12;13;15;17;19;20;21;23;24;26;28;29;30,27,max=0;tops=8;9;10;12;13;15;17;19;20;21;23;24;26;28;29;30,32,max=0;tops=8;9;10;12;13;15;17;19;20;21;23;24;26;28;29;30,30,max=0;tops=8;9;10;12;13;15;17;19;20;21;23;24;26;28;29;30,28,max=0;tops=8;9;10;12;13;15;17;19;20;21;23;24;26;28;29;30,25
14853,2+31,8;9;10;12;13;15;17;19;21;22;23;24;25;26;28;30,8,30,16,1;1;2;1;2;2;2;2;1;1;1;1;1;2;2,239079938/239028075,51863/239028075,523254,3;5;11;13;17;19;23;29;37;41;43;47;53;59;61;67,16,3,2+31->3;5;11;13;17;19;23;29;37;41;43;47;53;59;61;67,false,false,false,max=3;tops=8;24,0,max=1;tops=13;26,8,max=1;tops=17,1,max=1;tops=19,1,max=0;tops=8;9;10;12;13;15;17;19;21;22;23;24;25;26;28;30,1,max=0;tops=8;9;10;12;13;15;17;19;21;22;23;24;25;26;28;30,8,max=0;tops=8;9;10;12;13;15;17;19;21;22;23;24;25;26;28;30,0,max=0;tops=8;9;10;12;13;15;17;19;21;22;23;24;25;26;28;30,21,max=0;tops=8;9;10;12;13;15;17;19;21;22;23;24;25;26;28;30,18,max=0;tops=8;9;10;12;13;15;17;19;21;22;23;24;25;26;28;30,47,max=0;tops=8;9;10;12;13;15;17;19;21;22;23;24;25;26;28;30,38,max=0;tops=8;9;10;12;13;15;17;19;21;22;23;24;25;26;28;30,54
15220,2+31,8;9;10;12;14;15;17;18;19;21;22;24;25;26;28;30,8,30,16,1;1;2;2;1;2;1;1;2;1;2;1;1;2;2,8138038/8083075,54963/8083075,523260,5;7;11;13;17;19;23;29;37;41;43;47;53;59;61;67,16,5,2+31->5;7;11;13;17;19;23;29;37;41;43;47;53;59;61;67,false,false,false,max=3;tops=8;24,0,max=1;tops=26,7,max=1;tops=17,1,max=1;tops=19,1,max=0;tops=8;9;10;12;14;15;17;18;19;21;22;24;25;26;28;30,1,max=0;tops=8;9;10;12;14;15;17;18;19;21;22;24;25;26;28;30,2,max=0;tops=8;9;10;12;14;15;17;18;19;21;22;24;25;26;28;30,16,max=0;tops=8;9;10;12;14;15;17;18;19;21;22;24;25;26;28;30,18,max=0;tops=8;9;10;12;14;15;17;18;19;21;22;24;25;26;28;30,14,max=0;tops=8;9;10;12;14;15;17;18;19;21;22;24;25;26;28;30,40,max=0;tops=8;9;10;12;14;15;17;18;19;21;22;24;25;26;28;30,48,max=0;tops=8;9;10;12;14;15;17;18;19;21;22;24;25;26;28;30,53
15391,2+31,8;9;10;12;14;15;17;19;20;21;23;24;25;27;28;29,8,29,16,1;1;2;2;1;2;2;1;1;2;1;1;2;1;1,4067733941/4071834900,-4100959/4071834900,523262,3;5;7;11;13;17;19;23;29;37;41;43;47;53;59;61;67,17,3,2+31->3;5;7;11;13;17;19;23;29;37;41;43;47;53;59;61;67,false,false,false,max=3;tops=8;24,0,max=0;tops=8;9;10;12;14;15;17;19;20;21;23;24;25;27;28;29,8,max=1;tops=17,1,max=1;tops=19,1,max=0;tops=8;9;10;12;14;15;17;19;20;21;23;24;25;27;28;29,1,max=0;tops=8;9;10;12;14;15;17;19;20;21;23;24;25;27;28;29,17,max=0;tops=8;9;10;12;14;15;17;19;20;21;23;24;25;27;28;29,35,max=0;tops=8;9;10;12;14;15;17;19;20;21;23;24;25;27;28;29,25,max=0;tops=8;9;10;12;14;15;17;19;20;21;23;24;25;27;28;29,0,max=0;tops=8;9;10;12;14;15;17;19;20;21;23;24;25;27;28;29,52,max=0;tops=8;9;10;12;14;15;17;19;20;21;23;24;25;27;28;29,51,max=0;tops=8;9;10;12;14;15;17;19;20;21;23;24;25;27;28;29,62
15428,2+31,8;9;10;12;14;15;17;19;20;22;24;25;26;27;28;29,8,29,16,1;1;2;2;1;2;2;1;2;2;1;1;1;1;1,25108892381/25316190900,-207298519/25316190900,523262,3;5;7;11;13;17;19;23;29;37;41;43;47;53;59;61;67,17,3,2+31->3;5;7;11;13;17;19;23;29;37;41;43;47;53;59;61;67,false,false,false,max=3;tops=8;24,0,max=1;tops=26,7,max=1;tops=17,1,max=1;tops=19,1,max=0;tops=8;9;10;12;14;15;17;19;20;22;24;25;26;27;28;29,1,max=0;tops=8;9;10;12;14;15;17;19;20;22;24;25;26;27;28;29,0,max=0;tops=8;9;10;12;14;15;17;19;20;22;24;25;26;27;28;29,25,max=0;tops=8;9;10;12;14;15;17;19;20;22;24;25;26;27;28;29,24,max=0;tops=8;9;10;12;14;15;17;19;20;22;24;25;26;27;28;29,14,max=0;tops=8;9;10;12;14;15;17;19;20;22;24;25;26;27;28;29,6,max=0;tops=8;9;10;12;14;15;17;19;20;22;24;25;26;27;28;29,29,max=0;tops=8;9;10;12;14;15;17;19;20;22;24;25;26;27;28;29,57
15459,2+31,8;9;10;12;14;15;17;19;21;22;23;24;26;27;29;30,8,30,16,1;1;2;2;1;2;2;2;1;1;1;2;1;2;1,115351418873/116454478140,-1103059267/116454478140,490494,3;5;7;11;13;17;19;23;29;37;41;43;47;59;61;67,16,3,2+31->3;5;7;11;13;17;19;23;29;37;41;43;47;59;61;67,false,false,false,max=3;tops=8;24,0,max=1;tops=26,7,max=1;tops=17,1,max=1;tops=19,1,max=0;tops=8;9;10;12;14;15;17;19;21;22;23;24;26;27;29;30,1,max=0;tops=8;9;10;12;14;15;17;19;21;22;23;24;26;27;29;30,23,max=0;tops=8;9;10;12;14;15;17;19;21;22;23;24;26;27;29;30,35,max=0;tops=8;9;10;12;14;15;17;19;21;22;23;24;26;27;29;30,22,max=0;tops=8;9;10;12;14;15;17;19;21;22;23;24;26;27;29;30,1,max=0;tops=8;9;10;12;14;15;17;19;21;22;23;24;26;27;29;30,23,max=0;tops=8;9;10;12;14;15;17;19;21;22;23;24;26;27;29;30,24,max=0;tops=8;9;10;12;14;15;17;19;21;22;23;24;26;27;29;30,18
16667,2+31,8;9;11;12;13;14;15;17;18;19;21;23;24;26;28,8,28,15,1;2;1;1;1;1;2;1;1;2;2;1;2;2,222941683/223092870,-151187/223092870,523260,5;7;11;13;17;19;23;29;37;41;43;47;53;59;61;67,16,5,2+31->5;7;11;13;17;19;23;29;37;41;43;47;53;59;61;67,false,false,false,max=3;tops=8;24,0,max=1;tops=13;26,8,max=1;tops=17,1,max=1;tops=19,1,max=0;tops=8;9;11;12;13;14;15;17;18;19;21;23;24;26;28,1,max=0;tops=8;9;11;12;13;14;15;17;18;19;21;23;24;26;28,33,max=0;tops=8;9;11;12;13;14;15;17;18;19;21;23;24;26;28,2,max=0;tops=8;9;11;12;13;14;15;17;18;19;21;23;24;26;28,31,max=0;tops=8;9;11;12;13;14;15;17;18;19;21;23;24;26;28,25,max=0;tops=8;9;11;12;13;14;15;17;18;19;21;23;24;26;28,7,max=0;tops=8;9;11;12;13;14;15;17;18;19;21;23;24;26;28,53,max=0;tops=8;9;11;12;13;14;15;17;18;19;21;23;24;26;28,39
16718,2+31,8;9;11;12;13;14;15;17;19;21;22;23;24;25;26,8,26,15,1;2;1;1;1;1;2;2;2;1;1;1;1;1,6649329959/6692786100,-43456141/6692786100,523262,3;5;7;11;13;17;19;23;29;37;41;43;47;53;59;61;67,17,3,2+31->3;5;7;11;13;17;19;23;29;37;41;43;47;53;59;61;67,false,false,false,max=3;tops=8;24,0,max=1;tops=13;26,8,max=1;tops=17,1,max=1;tops=19,1,max=0;tops=8;9;11;12;13;14;15;17;19;21;22;23;24;25;26,1,max=0;tops=8;9;11;12;13;14;15;17;19;21;22;23;24;25;26,29,max=0;tops=8;9;11;12;13;14;15;17;19;21;22;23;24;25;26,15,max=0;tops=8;9;11;12;13;14;15;17;19;21;22;23;24;25;26,2,max=0;tops=8;9;11;12;13;14;15;17;19;21;22;23;24;25;26,44,max=0;tops=8;9;11;12;13;14;15;17;19;21;22;23;24;25;26,42,max=0;tops=8;9;11;12;13;14;15;17;19;21;22;23;24;25;26,59,max=0;tops=8;9;11;12;13;14;15;17;19;21;22;23;24;25;26,42
17293,2+31,8;9;11;12;13;15;17;18;19;21;23;24;25;26;28;29,8,29,16,1;2;1;1;2;2;1;1;2;2;1;1;1;2;1,2316095879/2310604725,5491154/2310604725,523252,5;11;13;17;19;23;29;37;41;43;47;53;59;61;67,15,5,2+31->5;11;13;17;19;23;29;37;41;43;47;53;59;61;67,false,false,false,max=3;tops=8;24,0,max=1;tops=13;26,8,max=1;tops=17,1,max=1;tops=19,1,max=0;tops=8;9;11;12;13;15;17;18;19;21;23;24;25;26;28;29,1,max=0;tops=8;9;11;12;13;15;17;18;19;21;23;24;25;26;28;29,14,max=0;tops=8;9;11;12;13;15;17;18;19;21;23;24;25;26;28;29,39,max=0;tops=8;9;11;12;13;15;17;18;19;21;23;24;25;26;28;29,39,max=0;tops=8;9;11;12;13;15;17;18;19;21;23;24;25;26;28;29,34,max=0;tops=8;9;11;12;13;15;17;18;19;21;23;24;25;26;28;29,52,max=0;tops=8;9;11;12;13;15;17;18;19;21;23;24;25;26;28;29,6,max=0;tops=8;9;11;12;13;15;17;18;19;21;23;24;25;26;28;29,44
17342,2+31,8;9;11;12;13;15;17;18;20;21;22;24;26;27;29;30,8,30,16,1;2;1;1;2;2;1;2;1;1;2;2;1;2;1,132760409/133243110,-482701/133243110,523006,3;5;7;11;13;17;19;29;37;41;43;47;53;59;61;67,16,3,2+31->3;5;7;11;13;17;19;29;37;41;43;47;53;59;61;67,false,false,false,max=3;tops=8;24,0,max=1;tops=13;26,8,max=1;tops=17,1,max=0;tops=8;9;11;12;13;15;17;18;20;21;22;24;26;27;29;30,15,max=0;tops=8;9;11;12;13;15;17;18;20;21;22;24;26;27;29;30,1,max=0;tops=8;9;11;12;13;15;17;18;20;21;22;24;26;27;29;30,16,max=0;tops=8;9;11;12;13;15;17;18;20;21;22;24;26;27;29;30,5,max=0;tops=8;9;11;12;13;15;17;18;20;21;22;24;26;27;29;30,35,max=0;tops=8;9;11;12;13;15;17;18;20;21;22;24;26;27;29;30,11,max=0;tops=8;9;11;12;13;15;17;18;20;21;22;24;26;27;29;30,52,max=0;tops=8;9;11;12;13;15;17;18;20;21;22;24;26;27;29;30,40,max=0;tops=8;9;11;12;13;15;17;18;20;21;22;24;26;27;29;30,42
17425,2+31,8;9;11;12;13;15;17;19;20;21;22;24;25;26;27;28,8,28,16,1;2;1;1;2;2;2;1;1;1;2;1;1;1;1,124878847/124710300,168547/124710300,523254,3;5;11;13;17;19;23;29;37;41;43;47;53;59;61;67,16,3,2+31->3;5;11;13;17;19;23;29;37;41;43;47;53;59;61;67,false,false,false,max=3;tops=8;24,0,max=1;tops=13;26,8,max=1;tops=17,1,max=1;tops=19,1,max=0;tops=8;9;11;12;13;15;17;19;20;21;22;24;25;26;27;28,1,max=0;tops=8;9;11;12;13;15;17;19;20;21;22;24;25;26;27;28,20,max=0;tops=8;9;11;12;13;15;17;19;20;21;22;24;25;26;27;28,4,max=0;tops=8;9;11;12;13;15;17;19;20;21;22;24;25;26;27;28,9,max=0;tops=8;9;11;12;13;15;17;19;20;21;22;24;25;26;27;28,41,max=0;tops=8;9;11;12;13;15;17;19;20;21;22;24;25;26;27;28,43,max=0;tops=8;9;11;12;13;15;17;19;20;21;22;24;25;26;27;28,15,max=0;tops=8;9;11;12;13;15;17;19;20;21;22;24;25;26;27;28,57
17459,2+31,8;9;11;12;13;15;17;19;20;22;23;24;25;26;28;30,8,30,16,1;2;1;1;2;2;2;1;2;1;1;1;1;2;2,6649329959/6692786100,-43456141/6692786100,523262,3;5;7;11;13;17;19;23;29;37;41;43;47;53;59;61;67,17,3,2+31->3;5;7;11;13;17;19;23;29;37;41;43;47;53;59;61;67,false,false,false,max=3;tops=8;24,0,max=1;tops=13;26,8,max=1;tops=17,1,max=1;tops=19,1,max=0;tops=8;9;11;12;13;15;17;19;20;22;23;24;25;26;28;30,1,max=0;tops=8;9;11;12;13;15;17;19;20;22;23;24;25;26;28;30,29,max=0;tops=8;9;11;12;13;15;17;19;20;22;23;24;25;26;28;30,15,max=0;tops=8;9;11;12;13;15;17;19;20;22;23;24;25;26;28;30,2,max=0;tops=8;9;11;12;13;15;17;19;20;22;23;24;25;26;28;30,44,max=0;tops=8;9;11;12;13;15;17;19;20;22;23;24;25;26;28;30,42,max=0;tops=8;9;11;12;13;15;17;19;20;22;23;24;25;26;28;30,59,max=0;tops=8;9;11;12;13;15;17;19;20;22;23;24;25;26;28;30,42
17997,2+31,8;9;11;12;14;15;17;18;19;20;22;24;25;26;28;30,8,30,16,1;2;1;2;1;2;1;1;1;2;2;1;1;2;2,97005611/96996900,8711/96996900,523260,5;7;11;13;17;19;23;29;37;41;43;47;53;59;61;67,16,5,2+31->5;7;11;13;17;19;23;29;37;41;43;47;53;59;61;67,false,false,false,max=3;tops=8;24,0,max=1;tops=26,7,max=1;tops=17,1,max=1;tops=19,1,max=0;tops=8;9;11;12;14;15;17;18;19;20;22;24;25;26;28;30,1,max=0;tops=8;9;11;12;14;15;17;18;19;20;22;24;25;26;28;30,23,max=0;tops=8;9;11;12;14;15;17;18;19;20;22;24;25;26;28;30,31,max=0;tops=8;9;11;12;14;15;17;18;19;20;22;24;25;26;28;30,46,max=0;tops=8;9;11;12;14;15;17;18;19;20;22;24;25;26;28;30,40,max=0;tops=8;9;11;12;14;15;17;18;19;20;22;24;25;26;28;30,35,max=0;tops=8;9;11;12;14;15;17;18;19;20;22;24;25;26;28;30,8,max=0;tops=8;9;11;12;14;15;17;18;19;20;22;24;25;26;28;30,41
18060,2+31,8;9;11;12;14;15;17;18;20;21;22;23;24;26;27;28,8,28,16,1;2;1;2;1;2;1;2;1;1;1;1;2;1;1,211828633/211351140,477493/211351140,523262,3;5;7;11;13;17;19;23;29;37;41;43;47;53;59;61;67,17,3,2+31->3;5;7;11;13;17;19;23;29;37;41;43;47;53;59;61;67,false,false,false,max=3;tops=8;24,0,max=1;tops=26,7,max=1;tops=17,1,max=0;tops=8;9;11;12;14;15;17;18;20;21;22;23;24;26;27;28,2,max=0;tops=8;9;11;12;14;15;17;18;20;21;22;23;24;26;27;28,1,max=0;tops=8;9;11;12;14;15;17;18;20;21;22;23;24;26;27;28,30,max=0;tops=8;9;11;12;14;15;17;18;20;21;22;23;24;26;27;28,34,max=0;tops=8;9;11;12;14;15;17;18;20;21;22;23;24;26;27;28,12,max=0;tops=8;9;11;12;14;15;17;18;20;21;22;23;24;26;27;28,13,max=0;tops=8;9;11;12;14;15;17;18;20;21;22;23;24;26;27;28,18,max=0;tops=8;9;11;12;14;15;17;18;20;21;22;23;24;26;27;28,35,max=0;tops=8;9;11;12;14;15;17;18;20;21;22;23;24;26;27;28,7
18122,19+37,8;9;11;12;14;15;17;18;20;22;24;25;27;29;30;32;34,8,34,17,1;2;1;2;1;2;1;2;2;2;1;2;2;1;2;2,824437819/819957600,4480219/819957600,522111,2;3;5;7;11;13;17;23;29;31;41;43;47;53;59;61;67,17,2,19+37->2;3;5;7;11;13;17;23;29;31;41;43;47;53;59;61;67,false,false,false,max=5;tops=32,1,max=0;tops=8;9;11;12;14;15;17;18;20;22;24;25;27;29;30;32;34,7,max=1;tops=17;34,10,max=0;tops=8;9;11;12;14;15;17;18;20;22;24;25;27;29;30;32;34,1,max=0;tops=8;9;11;12;14;15;17;18;20;22;24;25;27;29;30;32;34,27,max=0;tops=8;9;11;12;14;15;17;18;20;22;24;25;27;29;30;32;34,1,max=0;tops=8;9;11;12;14;15;17;18;20;22;24;25;27;29;30;32;34,24,max=0;tops=8;9;11;12;14;15;17;18;20;22;24;25;27;29;30;32;34,24,max=0;tops=8;9;11;12;14;15;17;18;20;22;24;25;27;29;30;32;34,49,max=0;tops=8;9;11;12;14;15;17;18;20;22;24;25;27;29;30;32;34,53,max=0;tops=8;9;11;12;14;15;17;18;20;22;24;25;27;29;30;32;34,7,max=0;tops=8;9;11;12;14;15;17;18;20;22;24;25;27;29;30;32;34,8
18144,19+37,8;9;11;12;14;15;17;18;20;22;24;26;28;29;30;32;34,8,34,17,1;2;1;2;1;2;1;2;2;2;2;2;1;1;2;2,237493171/236876640,616531/236876640,522109,2;5;7;11;13;17;23;29;31;41;43;47;53;59;61;67,16,2,19+37->2;5;7;11;13;17;23;29;31;41;43;47;53;59;61;67,false,false,false,max=5;tops=32,1,max=1;tops=26,7,max=1;tops=17;34,10,max=0;tops=8;9;11;12;14;15;17;18;20;22;24;26;28;29;30;32;34,1,max=0;tops=8;9;11;12;14;15;17;18;20;22;24;26;28;29;30;32;34,15,max=0;tops=8;9;11;12;14;15;17;18;20;22;24;26;28;29;30;32;34,1,max=0;tops=8;9;11;12;14;15;17;18;20;22;24;26;28;29;30;32;34,15,max=0;tops=8;9;11;12;14;15;17;18;20;22;24;26;28;29;30;32;34,18,max=0;tops=8;9;11;12;14;15;17;18;20;22;24;26;28;29;30;32;34,11,max=0;tops=8;9;11;12;14;15;17;18;20;22;24;26;28;29;30;32;34,36,max=0;tops=8;9;11;12;14;15;17;18;20;22;24;26;28;29;30;32;34,11,max=0;tops=8;9;11;12;14;15;17;18;20;22;24;26;28;29;30;32;34,5
18174,2+31,8;9;11;12;14;15;17;19;20;21;22;24;25;26;28;29,8,29,16,1;2;1;2;1;2;2;1;1;1;2;1;1;2;1,8382213797/8438730300,-56516503/8438730300,523262,3;5;7;11;13;17;19;23;29;37;41;43;47;53;59;61;67,17,3,2+31->3;5;7;11;13;17;19;23;29;37;41;43;47;53;59;61;67,false,false,false,max=3;tops=8;24,0,max=1;tops=26,7,max=1;tops=17,1,max=1;tops=19,1,max=0;tops=8;9;11;12;14;15;17;19;20;21;22;24;25;26;28;29,1,max=0;tops=8;9;11;12;14;15;17;19;20;21;22;24;25;26;28;29,20,max=0;tops=8;9;11;12;14;15;17;19;20;21;22;24;25;26;28;29,8,max=0;tops=8;9;11;12;14;15;17;19;20;21;22;24;25;26;28;29,23,max=0;tops=8;9;11;12;14;15;17;19;20;21;22;24;25;26;28;29,20,max=0;tops=8;9;11;12;14;15;17;19;20;21;22;24;25;26;28;29,53,max=0;tops=8;9;11;12;14;15;17;19;20;21;22;24;25;26;28;29,4,max=0;tops=8;9;11;12;14;15;17;19;20;21;22;24;25;26;28;29,15
19920,2+31,8;9;11;13;14;15;17;18;19;20;21;23;24;26;28;30,8,30,16,1;2;2;1;1;2;1;1;1;1;2;1;2;2;2,222941683/223092870,-151187/223092870,523260,5;7;11;13;17;19;23;29;37;41;43;47;53;59;61;67,16,5,2+31->5;7;11;13;17;19;23;29;37;41;43;47;53;59;61;67,false,false,false,max=3;tops=8;24,0,max=1;tops=13;26,8,max=1;tops=17,1,max=1;tops=19,1,max=0;tops=8;9;11;13;14;15;17;18;19;20;21;23;24;26;28;30,1,max=0;tops=8;9;11;13;14;15;17;18;19;20;21;23;24;26;28;30,33,max=0;tops=8;9;11;13;14;15;17;18;19;20;21;23;24;26;28;30,2,max=0;tops=8;9;11;13;14;15;17;18;19;20;21;23;24;26;28;30,31,max=0;tops=8;9;11;13;14;15;17;18;19;20;21;23;24;26;28;30,25,max=0;tops=8;9;11;13;14;15;17;18;19;20;21;23;24;26;28;30,7,max=0;tops=8;9;11;13;14;15;17;18;19;20;21;23;24;26;28;30,53,max=0;tops=8;9;11;13;14;15;17;18;19;20;21;23;24;26;28;30,39
23069,2+31,8;9;11;13;15;17;18;19;20;21;23;24;25;26;28;29;30,8,30,17,1;2;2;2;2;1;1;1;1;2;1;1;1;2;1;1,2316095879/2310604725,5491154/2310604725,523252,5;11;13;17;19;23;29;37;41;43;47;53;59;61;67,15,5,2+31->5;11;13;17;19;23;29;37;41;43;47;53;59;61;67,false,false,false,max=3;tops=8;24,0,max=1;tops=13;26,8,max=1;tops=17,1,max=1;tops=19,1,max=0;tops=8;9;11;13;15;17;18;19;20;21;23;24;25;26;28;29;30,1,max=0;tops=8;9;11;13;15;17;18;19;20;21;23;24;25;26;28;29;30,14,max=0;tops=8;9;11;13;15;17;18;19;20;21;23;24;25;26;28;29;30,39,max=0;tops=8;9;11;13;15;17;18;19;20;21;23;24;25;26;28;29;30,39,max=0;tops=8;9;11;13;15;17;18;19;20;21;23;24;25;26;28;29;30,34,max=0;tops=8;9;11;13;15;17;18;19;20;21;23;24;25;26;28;29;30,52,max=0;tops=8;9;11;13;15;17;18;19;20;21;23;24;25;26;28;29;30,6,max=0;tops=8;9;11;13;15;17;18;19;20;21;23;24;25;26;28;29;30,44
23740,19+37,8;9;11;13;15;17;18;20;22;23;25;26;27;29;31;32;33;35,8,35,18,1;2;2;2;2;1;2;2;1;2;1;1;2;2;1;1;2,688359779761/690926090400,-2566310639/690926090400,522095,2;3;5;7;13;17;23;29;31;41;43;47;53;59;61;67,16,2,19+37->2;3;5;7;13;17;23;29;31;41;43;47;53;59;61;67,false,false,false,max=5;tops=32,1,max=1;tops=13;26,8,max=1;tops=17,1,max=0;tops=8;9;11;13;15;17;18;20;22;23;25;26;27;29;31;32;33;35,1,max=1;tops=31,1,max=0;tops=8;9;11;13;15;17;18;20;22;23;25;26;27;29;31;32;33;35,1,max=0;tops=8;9;11;13;15;17;18;20;22;23;25;26;27;29;31;32;33;35,0,max=0;tops=8;9;11;13;15;17;18;20;22;23;25;26;27;29;31;32;33;35,20,max=0;tops=8;9;11;13;15;17;18;20;22;23;25;26;27;29;31;32;33;35,26,max=0;tops=8;9;11;13;15;17;18;20;22;23;25;26;27;29;31;32;33;35,19,max=0;tops=8;9;11;13;15;17;18;20;22;23;25;26;27;29;31;32;33;35,23,max=0;tops=8;9;11;13;15;17;18;20;22;23;25;26;27;29;31;32;33;35,51
24576,2+31,8;10;11;12;13;14;15;17;18;19;21;22;24;26;27,8,27,15,2;1;1;1;1;1;2;1;1;2;1;2;2;1,34622431/34918884,-296453/34918884,523258,3;7;11;13;17;19;23;29;37;41;43;47;53;59;61;67,16,3,2+31->3;7;11;13;17;19;23;29;37;41;43;47;53;59;61;67,false,false,false,max=3;tops=8;24,0,max=1;tops=13;26,8,max=1;tops=17,1,max=1;tops=19,1,max=0;tops=8;10;11;12;13;14;15;17;18;19;21;22;24;26;27,1,max=0;tops=8;10;11;12;13;14;15;17;18;19;21;22;24;26;27,36,max=0;tops=8;10;11;12;13;14;15;17;18;19;21;22;24;26;27,26,max=0;tops=8;10;11;12;13;14;15;17;18;19;21;22;24;26;27,25,max=0;tops=8;10;11;12;13;14;15;17;18;19;21;22;24;26;27,12,max=0;tops=8;10;11;12;13;14;15;17;18;19;21;22;24;26;27,16,max=0;tops=8;10;11;12;13;14;15;17;18;19;21;22;24;26;27,58,max=0;tops=8;10;11;12;13;14;15;17;18;19;21;22;24;26;27,26
24581,2+31,8;10;11;12;13;14;15;17;18;20;21;22;23;24;26,8,26,15,2;1;1;1;1;1;2;1;2;1;1;1;1;2,17530166/17612595,-82429/17612595,523262,3;5;7;11;13;17;19;23;29;37;41;43;47;53;59;61;67,17,3,2+31->3;5;7;11;13;17;19;23;29;37;41;43;47;53;59;61;67,false,false,false,max=3;tops=8;24,0,max=1;tops=13;26,8,max=1;tops=17,1,max=0;tops=8;10;11;12;13;14;15;17;18;20;21;22;23;24;26,18,max=0;tops=8;10;11;12;13;14;15;17;18;20;21;22;23;24;26,1,max=0;tops=8;10;11;12;13;14;15;17;18;20;21;22;23;24;26,28,max=0;tops=8;10;11;12;13;14;15;17;18;20;21;22;23;24;26,39,max=0;tops=8;10;11;12;13;14;15;17;18;20;21;22;23;24;26,4,max=0;tops=8;10;11;12;13;14;15;17;18;20;21;22;23;24;26,34,max=0;tops=8;10;11;12;13;14;15;17;18;20;21;22;23;24;26,33,max=0;tops=8;10;11;12;13;14;15;17;18;20;21;22;23;24;26,27,max=0;tops=8;10;11;12;13;14;15;17;18;20;21;22;23;24;26,53
24598,2+31,8;10;11;12;13;14;15;17;19;20;22;24;25;27;28;30,8,30,16,2;1;1;1;1;1;2;2;1;2;2;1;2;1;2,880760509/872972100,7788409/872972100,523262,3;5;7;11;13;17;19;23;29;37;41;43;47;53;59;61;67,17,3,2+31->3;5;7;11;13;17;19;23;29;37;41;43;47;53;59;61;67,false,false,false,max=3;tops=8;24,0,max=1;tops=13,1,max=1;tops=17,1,max=1;tops=19,1,max=0;tops=8;10;11;12;13;14;15;17;19;20;22;24;25;27;28;30,1,max=0;tops=8;10;11;12;13;14;15;17;19;20;22;24;25;27;28;30,2,max=0;tops=8;10;11;12;13;14;15;17;19;20;22;24;25;27;28;30,6,max=0;tops=8;10;11;12;13;14;15;17;19;20;22;24;25;27;28;30,22,max=0;tops=8;10;11;12;13;14;15;17;19;20;22;24;25;27;28;30,47,max=0;tops=8;10;11;12;13;14;15;17;19;20;22;24;25;27;28;30,32,max=0;tops=8;10;11;12;13;14;15;17;19;20;22;24;25;27;28;30,57,max=0;tops=8;10;11;12;13;14;15;17;19;20;22;24;25;27;28;30,19
25353,2+31,8;10;11;12;13;15;17;18;19;20;22;24;26;27;28;30,8,30,16,2;1;1;1;2;2;1;1;1;2;2;2;1;1;2,34622431/34918884,-296453/34918884,523258,3;7;11;13;17;19;23;29;37;41;43;47;53;59;61;67,16,3,2+31->3;7;11;13;17;19;23;29;37;41;43;47;53;59;61;67,false,false,false,max=3;tops=8;24,0,max=1;tops=13;26,8,max=1;tops=17,1,max=1;tops=19,1,max=0;tops=8;10;11;12;13;15;17;18;19;20;22;24;26;27;28;30,1,max=0;tops=8;10;11;12;13;15;17;18;19;20;22;24;26;27;28;30,36,max=0;tops=8;10;11;12;13;15;17;18;19;20;22;24;26;27;28;30,26,max=0;tops=8;10;11;12;13;15;17;18;19;20;22;24;26;27;28;30,25,max=0;tops=8;10;11;12;13;15;17;18;19;20;22;24;26;27;28;30,12,max=0;tops=8;10;11;12;13;15;17;18;19;20;22;24;26;27;28;30,16,max=0;tops=8;10;11;12;13;15;17;18;19;20;22;24;26;27;28;30,58,max=0;tops=8;10;11;12;13;15;17;18;19;20;22;24;26;27;28;30,26
25372,2+31,8;10;11;12;13;15;17;18;19;21;22;24;25;26;27;29,8,29,16,2;1;1;1;2;2;1;1;2;1;2;1;1;1;2,25178582861/25316190900,-137608039/25316190900,523262,3;5;7;11;13;17;19;23;29;37;41;43;47;53;59;61;67,17,3,2+31->3;5;7;11;13;17;19;23;29;37;41;43;47;53;59;61;67,false,false,false,max=3;tops=8;24,0,max=1;tops=13;26,8,max=1;tops=17,1,max=1;tops=19,1,max=0;tops=8;10;11;12;13;15;17;18;19;21;22;24;25;26;27;29,1,max=0;tops=8;10;11;12;13;15;17;18;19;21;22;24;25;26;27;29,17,max=0;tops=8;10;11;12;13;15;17;18;19;21;22;24;25;26;27;29,22,max=0;tops=8;10;11;12;13;15;17;18;19;21;22;24;25;26;27;29,33,max=0;tops=8;10;11;12;13;15;17;18;19;21;22;24;25;26;27;29,21,max=0;tops=8;10;11;12;13;15;17;18;19;21;22;24;25;26;27;29,2,max=0;tops=8;10;11;12;13;15;17;18;19;21;22;24;25;26;27;29,11,max=0;tops=8;10;11;12;13;15;17;18;19;21;22;24;25;26;27;29,31
26254,2+31,8;10;11;12;14;15;17;18;19;20;22;23;24;25;26;27,8,27,16,2;1;1;2;1;2;1;1;1;2;1;1;1;1;1,5021830193/5019589575,2240618/5019589575,523262,3;5;7;11;13;17;19;23;29;37;41;43;47;53;59;61;67,17,3,2+31->3;5;7;11;13;17;19;23;29;37;41;43;47;53;59;61;67,false,false,false,max=3;tops=8;24,0,max=1;tops=26,7,max=1;tops=17,1,max=1;tops=19,1,max=0;tops=8;10;11;12;14;15;17;18;19;20;22;23;24;25;26;27,1,max=0;tops=8;10;11;12;14;15;17;18;19;20;22;23;24;25;26;27,31,max=0;tops=8;10;11;12;14;15;17;18;19;20;22;23;24;25;26;27,10,max=0;tops=8;10;11;12;14;15;17;18;19;20;22;23;24;25;26;27,10,max=0;tops=8;10;11;12;14;15;17;18;19;20;22;23;24;25;26;27,23,max=0;tops=8;10;11;12;14;15;17;18;19;20;22;23;24;25;26;27,27,max=0;tops=8;10;11;12;14;15;17;18;19;20;22;23;24;25;26;27,6,max=0;tops=8;10;11;12;14;15;17;18;19;20;22;23;24;25;26;27,63
26562,2+31,8;10;11;12;14;15;17;19;20;22;23;24;26;27;28;29;30,8,30,17,2;1;1;2;1;2;2;1;2;1;1;2;1;1;1;1,23487032845/23290895628,196137217/23290895628,523258,3;7;11;13;17;19;23;29;37;41;43;47;53;59;61;67,16,3,2+31->3;7;11;13;17;19;23;29;37;41;43;47;53;59;61;67,false,false,false,max=3;tops=8;24,0,max=1;tops=26,7,max=1;tops=17,1,max=1;tops=19,1,max=0;tops=8;10;11;12;14;15;17;19;20;22;23;24;26;27;28;29;30,1,max=0;tops=8;10;11;12;14;15;17;19;20;22;23;24;26;27;28;29;30,4,max=0;tops=8;10;11;12;14;15;17;19;20;22;23;24;26;27;28;29;30,36,max=0;tops=8;10;11;12;14;15;17;19;20;22;23;24;26;27;28;29;30,10,max=0;tops=8;10;11;12;14;15;17;19;20;22;23;24;26;27;28;29;30,20,max=0;tops=8;10;11;12;14;15;17;19;20;22;23;24;26;27;28;29;30,56,max=0;tops=8;10;11;12;14;15;17;19;20;22;23;24;26;27;28;29;30,29,max=0;tops=8;10;11;12;14;15;17;19;20;22;23;24;26;27;28;29;30,50
27953,19+37,8;10;11;12;14;16;18;20;22;23;24;25;27;29;31;32;33;35,8,35,18,2;1;1;2;2;2;2;2;1;1;1;2;2;2;1;1;2,448065053/446623200,1441853/446623200,522087,2;3;5;13;17;23;29;31;41;43;47;53;59;61;67,15,2,19+37->2;3;5;13;17;23;29;31;41;43;47;53;59;61;67,false,false,false,max=5;tops=32,1,max=0;tops=8;10;11;12;14;16;18;20;22;23;24;25;27;29;31;32;33;35,2,max=0;tops=8;10;11;12;14;16;18;20;22;23;24;25;27;29;31;32;33;35,3,max=0;tops=8;10;11;12;14;16;18;20;22;23;24;25;27;29;31;32;33;35,1,max=1;tops=31,1,max=0;tops=8;10;11;12;14;16;18;20;22;23;24;25;27;29;31;32;33;35,1,max=0;tops=8;10;11;12;14;16;18;20;22;23;24;25;27;29;31;32;33;35,14,max=0;tops=8;10;11;12;14;16;18;20;22;23;24;25;27;29;31;32;33;35,0,max=0;tops=8;10;11;12;14;16;18;20;22;23;24;25;27;29;31;32;33;35,20,max=0;tops=8;10;11;12;14;16;18;20;22;23;24;25;27;29;31;32;33;35,16,max=0;tops=8;10;11;12;14;16;18;20;22;23;24;25;27;29;31;32;33;35,42,max=0;tops=8;10;11;12;14;16;18;20;22;23;24;25;27;29;31;32;33;35,10
27988,19+37,8;10;11;12;14;16;18;20;22;23;24;26;28;29;31;32;33;35,8,35,18,2;1;1;2;2;2;2;2;1;1;2;2;1;2;1;1;2,542101765/541902816,198949/541902816,522091,2;3;7;13;17;23;29;31;41;43;47;53;59;61;67,15,2,19+37->2;3;7;13;17;23;29;31;41;43;47;53;59;61;67,false,false,false,max=5;tops=32,1,max=1;tops=26,7,max=0;tops=8;10;11;12;14;16;18;20;22;23;24;26;28;29;31;32;33;35,9,max=0;tops=8;10;11;12;14;16;18;20;22;23;24;26;28;29;31;32;33;35,1,max=1;tops=31,1,max=0;tops=8;10;11;12;14;16;18;20;22;23;24;26;28;29;31;32;33;35,1,max=0;tops=8;10;11;12;14;16;18;20;22;23;24;26;28;29;31;32;33;35,5,max=0;tops=8;10;11;12;14;16;18;20;22;23;24;26;28;29;31;32;33;35,41,max=0;tops=8;10;11;12;14;16;18;20;22;23;24;26;28;29;31;32;33;35,35,max=0;tops=8;10;11;12;14;16;18;20;22;23;24;26;28;29;31;32;33;35,58,max=0;tops=8;10;11;12;14;16;18;20;22;23;24;26;28;29;31;32;33;35,46,max=0;tops=8;10;11;12;14;16;18;20;22;23;24;26;28;29;31;32;33;35,7
28803,2+31,8;10;11;13;14;15;17;18;20;22;23;24;26;27;28;29;30,8,30,17,2;1;2;1;1;2;1;2;2;1;1;2;1;1;1;1,615943007/612918306,3024701/612918306,523258,3;7;11;13;17;19;23;29;37;41;43;47;53;59;61;67,16,3,2+31->3;7;11;13;17;19;23;29;37;41;43;47;53;59;61;67,false,false,false,max=3;tops=8;24,0,max=1;tops=13;26,8,max=1;tops=17,1,max=0;tops=8;10;11;13;14;15;17;18;20;22;23;24;26;27;28;29;30,0,max=0;tops=8;10;11;13;14;15;17;18;20;22;23;24;26;27;28;29;30,1,max=0;tops=8;10;11;13;14;15;17;18;20;22;23;24;26;27;28;29;30,23,max=0;tops=8;10;11;13;14;15;17;18;20;22;23;24;26;27;28;29;30,34,max=0;tops=8;10;11;13;14;15;17;18;20;22;23;24;26;27;28;29;30,17,max=0;tops=8;10;11;13;14;15;17;18;20;22;23;24;26;27;28;29;30,27,max=0;tops=8;10;11;13;14;15;17;18;20;22;23;24;26;27;28;29;30,37,max=0;tops=8;10;11;13;14;15;17;18;20;22;23;24;26;27;28;29;30,53,max=0;tops=8;10;11;13;14;15;17;18;20;22;23;24;26;27;28;29;30,34
29118,2+31,8;10;11;13;14;15;17;19;21;23;24;25;26;27;28;29;30,8,30,17,2;1;2;1;1;2;2;2;2;1;1;1;1;1;1;1,578880911743/582272390700,-3391478957/582272390700,490494,3;5;7;11;13;17;19;23;29;37;41;43;47;59;61;67,16,3,2+31->3;5;7;11;13;17;19;23;29;37;41;43;47;59;61;67,false,false,false,max=3;tops=8;24,0,max=1;tops=13;26,8,max=1;tops=17,1,max=1;tops=19,1,max=0;tops=8;10;11;13;14;15;17;19;21;23;24;25;26;27;28;29;30,1,max=0;tops=8;10;11;13;14;15;17;19;21;23;24;25;26;27;28;29;30,15,max=0;tops=8;10;11;13;14;15;17;19;21;23;24;25;26;27;28;29;30,30,max=0;tops=8;10;11;13;14;15;17;19;21;23;24;25;26;27;28;29;30,21,max=0;tops=8;10;11;13;14;15;17;19;21;23;24;25;26;27;28;29;30,1,max=0;tops=8;10;11;13;14;15;17;19;21;23;24;25;26;27;28;29;30,0,max=0;tops=8;10;11;13;14;15;17;19;21;23;24;25;26;27;28;29;30,52,max=0;tops=8;10;11;13;14;15;17;19;21;23;24;25;26;27;28;29;30,7
32491,2+31,8;10;11;13;15;17;18;19;20;21;22;24;25;26;27;29;30,8,30,17,2;1;2;2;2;1;1;1;1;1;2;1;1;1;2;1,25178582861/25316190900,-137608039/25316190900,523262,3;5;7;11;13;17;19;23;29;37;41;43;47;53;59;61;67,17,3,2+31->3;5;7;11;13;17;19;23;29;37;41;43;47;53;59;61;67,false,false,false,max=3;tops=8;24,0,max=1;tops=13;26,8,max=1;tops=17,1,max=1;tops=19,1,max=0;tops=8;10;11;13;15;17;18;19;20;21;22;24;25;26;27;29;30,1,max=0;tops=8;10;11;13;15;17;18;19;20;21;22;24;25;26;27;29;30,17,max=0;tops=8;10;11;13;15;17;18;19;20;21;22;24;25;26;27;29;30,22,max=0;tops=8;10;11;13;15;17;18;19;20;21;22;24;25;26;27;29;30,33,max=0;tops=8;10;11;13;15;17;18;19;20;21;22;24;25;26;27;29;30,21,max=0;tops=8;10;11;13;15;17;18;19;20;21;22;24;25;26;27;29;30,2,max=0;tops=8;10;11;13;15;17;18;19;20;21;22;24;25;26;27;29;30,11,max=0;tops=8;10;11;13;15;17;18;19;20;21;22;24;25;26;27;29;30,31
33181,19+37,8;10;11;13;15;17;18;20;21;23;24;25;26;27;28;29;30;32,8,32,18,2;1;2;2;2;1;2;1;2;1;1;1;1;1;1;1;2,35266298303/35023903200,242395103/35023903200,522103,2;3;5;11;13;17;23;29;31;41;43;47;53;59;61;67,16,2,19+37->2;3;5;11;13;17;23;29;31;41;43;47;53;59;61;67,false,false,false,max=5;tops=32,1,max=1;tops=13;26,8,max=1;tops=17,1,max=0;tops=8;10;11;13;15;17;18;20;21;23;24;25;26;27;28;29;30;32,1,max=0;tops=8;10;11;13;15;17;18;20;21;23;24;25;26;27;28;29;30;32,28,max=0;tops=8;10;11;13;15;17;18;20;21;23;24;25;26;27;28;29;30;32,1,max=0;tops=8;10;11;13;15;17;18;20;21;23;24;25;26;27;28;29;30;32,37,max=0;tops=8;10;11;13;15;17;18;20;21;23;24;25;26;27;28;29;30;32,31,max=0;tops=8;10;11;13;15;17;18;20;21;23;24;25;26;27;28;29;30;32,37,max=0;tops=8;10;11;13;15;17;18;20;21;23;24;25;26;27;28;29;30;32,43,max=0;tops=8;10;11;13;15;17;18;20;21;23;24;25;26;27;28;29;30;32,55,max=0;tops=8;10;11;13;15;17;18;20;21;23;24;25;26;27;28;29;30;32,65
34265,19+37,8;10;12;13;14;15;16;18;20;22;23;25;26;27;29;30;31,8,31,17,2;2;1;1;1;1;2;2;2;1;2;1;1;2;1;1,222621266789/223534911600,-913644811/223534911600,522111,2;3;5;7;11;13;17;23;29;31;41;43;47;53;59;61;67,17,2,19+37->2;3;5;7;11;13;17;23;29;31;41;43;47;53;59;61;67,false,false,false,max=4;tops=16,1,max=1;tops=13;26,8,max=0;tops=8;10;12;13;14;15;16;18;20;22;23;25;26;27;29;30;31,11,max=0;tops=8;10;12;13;14;15;16;18;20;22;23;25;26;27;29;30;31,1,max=1;tops=31,1,max=0;tops=8;10;12;13;14;15;16;18;20;22;23;25;26;27;29;30;31,1,max=0;tops=8;10;12;13;14;15;16;18;20;22;23;25;26;27;29;30;31,25,max=0;tops=8;10;12;13;14;15;16;18;20;22;23;25;26;27;29;30;31,37,max=0;tops=8;10;12;13;14;15;16;18;20;22;23;25;26;27;29;30;31,18,max=0;tops=8;10;12;13;14;15;16;18;20;22;23;25;26;27;29;30;31,55,max=0;tops=8;10;12;13;14;15;16;18;20;22;23;25;26;27;29;30;31,55,max=0;tops=8;10;12;13;14;15;16;18;20;22;23;25;26;27;29;30;31,64
34327,2+31,8;10;12;13;14;15;17;18;19;20;22;24;25;26;28;29;30,8,30,17,2;2;1;1;1;2;1;1;1;2;2;1;1;2;1;1,8518690987/8438730300,79960687/8438730300,523262,3;5;7;11;13;17;19;23;29;37;41;43;47;53;59;61;67,17,3,2+31->3;5;7;11;13;17;19;23;29;37;41;43;47;53;59;61;67,false,false,false,max=3;tops=8;24,0,max=1;tops=13;26,8,max=1;tops=17,1,max=1;tops=19,1,max=0;tops=8;10;12;13;14;15;17;18;19;20;22;24;25;26;28;29;30,1,max=0;tops=8;10;12;13;14;15;17;18;19;20;22;24;25;26;28;29;30,32,max=0;tops=8;10;12;13;14;15;17;18;19;20;22;24;25;26;28;29;30,16,max=0;tops=8;10;12;13;14;15;17;18;19;20;22;24;25;26;28;29;30,23,max=0;tops=8;10;12;13;14;15;17;18;19;20;22;24;25;26;28;29;30,28,max=0;tops=8;10;12;13;14;15;17;18;19;20;22;24;25;26;28;29;30,0,max=0;tops=8;10;12;13;14;15;17;18;19;20;22;24;25;26;28;29;30,5,max=0;tops=8;10;12;13;14;15;17;18;19;20;22;24;25;26;28;29;30,13
34403,2+31,8;10;12;13;14;15;17;18;19;21;23;24;25;26;27;28;30,8,30,17,2;2;1;1;1;2;1;1;2;2;1;1;1;1;1;2,919654961/912652650,7002311/912652650,522750,3;5;7;11;13;17;19;23;37;41;43;47;53;59;61;67,16,3,2+31->3;5;7;11;13;17;19;23;37;41;43;47;53;59;61;67,false,false,false,max=3;tops=8;24,0,max=1;tops=13;26,8,max=1;tops=17,1,max=1;tops=19,1,max=0;tops=8;10;12;13;14;15;17;18;19;21;23;24;25;26;27;28;30,1,max=0;tops=8;10;12;13;14;15;17;18;19;21;23;24;25;26;27;28;30,34,max=0;tops=8;10;12;13;14;15;17;18;19;21;23;24;25;26;27;28;30,38,max=0;tops=8;10;12;13;14;15;17;18;19;21;23;24;25;26;27;28;30,16,max=0;tops=8;10;12;13;14;15;17;18;19;21;23;24;25;26;27;28;30,48,max=0;tops=8;10;12;13;14;15;17;18;19;21;23;24;25;26;27;28;30,46,max=0;tops=8;10;12;13;14;15;17;18;19;21;23;24;25;26;27;28;30,35,max=0;tops=8;10;12;13;14;15;17;18;19;21;23;24;25;26;27;28;30,45
34685,2+31,8;10;12;13;14;15;17;19;20;21;23;24;25;26;27;29;30,8,30,17,2;2;1;1;1;2;2;1;1;2;1;1;1;1;2;1,26490360649/26466926850,23433799/26466926850,523262,3;5;7;11;13;17;19;23;29;37;41;43;47;53;59;61;67,17,3,2+31->3;5;7;11;13;17;19;23;29;37;41;43;47;53;59;61;67,false,false,false,max=3;tops=8;24,0,max=1;tops=13;26,8,max=1;tops=17,1,max=1;tops=19,1,max=0;tops=8;10;12;13;14;15;17;19;20;21;23;24;25;26;27;29;30,1,max=0;tops=8;10;12;13;14;15;17;19;20;21;23;24;25;26;27;29;30,31,max=0;tops=8;10;12;13;14;15;17;19;20;21;23;24;25;26;27;29;30,15,max=0;tops=8;10;12;13;14;15;17;19;20;21;23;24;25;26;27;29;30,40,max=0;tops=8;10;12;13;14;15;17;19;20;21;23;24;25;26;27;29;30,28,max=0;tops=8;10;12;13;14;15;17;19;20;21;23;24;25;26;27;29;30,5,max=0;tops=8;10;12;13;14;15;17;19;20;21;23;24;25;26;27;29;30,31,max=0;tops=8;10;12;13;14;15;17;19;20;21;23;24;25;26;27;29;30,19
36575,19+37,8;10;12;13;14;16;18;20;21;22;24;26;27;29;30;31;33;35,8,35,18,2;2;1;1;2;2;2;1;1;2;2;1;2;1;1;2;2,1931979173/1943781840,-11802667/1943781840,522111,2;3;5;7;11;13;17;23;29;31;41;43;47;53;59;61;67,17,2,19+37->2;3;5;7;11;13;17;23;29;31;41;43;47;53;59;61;67,false,false,false,max=4;tops=16,1,max=1;tops=13;26,8,max=0;tops=8;10;12;13;14;16;18;20;21;22;24;26;27;29;30;31;33;35,3,max=0;tops=8;10;12;13;14;16;18;20;21;22;24;26;27;29;30;31;33;35,1,max=1;tops=31,1,max=0;tops=8;10;12;13;14;16;18;20;21;22;24;26;27;29;30;31;33;35,1,max=0;tops=8;10;12;13;14;16;18;20;21;22;24;26;27;29;30;31;33;35,19,max=0;tops=8;10;12;13;14;16;18;20;21;22;24;26;27;29;30;31;33;35,2,max=0;tops=8;10;12;13;14;16;18;20;21;22;24;26;27;29;30;31;33;35,4,max=0;tops=8;10;12;13;14;16;18;20;21;22;24;26;27;29;30;31;33;35,27,max=0;tops=8;10;12;13;14;16;18;20;21;22;24;26;27;29;30;31;33;35,11,max=0;tops=8;10;12;13;14;16;18;20;21;22;24;26;27;29;30;31;33;35,12
36643,19+37,8;10;12;13;14;16;18;20;21;23;24;25;27;29;30;32;33;34,8,34,18,2;2;1;1;2;2;2;1;2;1;1;2;2;1;2;1;1,243530202011/245167322400,-1637120389/245167322400,522111,2;3;5;7;11;13;17;23;29;31;41;43;47;53;59;61;67,17,2,19+37->2;3;5;7;11;13;17;23;29;31;41;43;47;53;59;61;67,false,false,false,max=5;tops=32,1,max=1;tops=13,1,max=1;tops=34,9,max=0;tops=8;10;12;13;14;16;18;20;21;23;24;25;27;29;30;32;33;34,1,max=0;tops=8;10;12;13;14;16;18;20;21;23;24;25;27;29;30;32;33;34,27,max=0;tops=8;10;12;13;14;16;18;20;21;23;24;25;27;29;30;32;33;34,1,max=0;tops=8;10;12;13;14;16;18;20;21;23;24;25;27;29;30;32;33;34,15,max=0;tops=8;10;12;13;14;16;18;20;21;23;24;25;27;29;30;32;33;34,29,max=0;tops=8;10;12;13;14;16;18;20;21;23;24;25;27;29;30;32;33;34,47,max=0;tops=8;10;12;13;14;16;18;20;21;23;24;25;27;29;30;32;33;34,44,max=0;tops=8;10;12;13;14;16;18;20;21;23;24;25;27;29;30;32;33;34,44,max=0;tops=8;10;12;13;14;16;18;20;21;23;24;25;27;29;30;32;33;34,3
36676,19+37,8;10;12;13;14;16;18;20;21;23;24;26;28;29;30;32;33;34,8,34,18,2;2;1;1;2;2;2;1;2;1;2;2;1;1;2;1;1,16188581741/16344488160,-155906419/16344488160,522111,2;3;5;7;11;13;17;23;29;31;41;43;47;53;59;61;67,17,2,19+37->2;3;5;7;11;13;17;23;29;31;41;43;47;53;59;61;67,false,false,false,max=5;tops=32,1,max=1;tops=13;26,8,max=1;tops=34,9,max=0;tops=8;10;12;13;14;16;18;20;21;23;24;26;28;29;30;32;33;34,1,max=0;tops=8;10;12;13;14;16;18;20;21;23;24;26;28;29;30;32;33;34,15,max=0;tops=8;10;12;13;14;16;18;20;21;23;24;26;28;29;30;32;33;34,1,max=0;tops=8;10;12;13;14;16;18;20;21;23;24;26;28;29;30;32;33;34,6,max=0;tops=8;10;12;13;14;16;18;20;21;23;24;26;28;29;30;32;33;34,23,max=0;tops=8;10;12;13;14;16;18;20;21;23;24;26;28;29;30;32;33;34,9,max=0;tops=8;10;12;13;14;16;18;20;21;23;24;26;28;29;30;32;33;34,27,max=0;tops=8;10;12;13;14;16;18;20;21;23;24;26;28;29;30;32;33;34,48,max=0;tops=8;10;12;13;14;16;18;20;21;23;24;26;28;29;30;32;33;34,0
36709,19+37,8;10;12;13;14;16;18;20;22;23;24;25;26;27;29;30;32;33,8,33,18,2;2;1;1;2;2;2;2;1;1;1;1;1;2;1;2;1,14424602683/14421607200,2995483/14421607200,522111,2;3;5;7;11;13;17;23;29;31;41;43;47;53;59;61;67,17,2,19+37->2;3;5;7;11;13;17;23;29;31;41;43;47;53;59;61;67,false,false,false,max=5;tops=32,1,max=1;tops=13;26,8,max=0;tops=8;10;12;13;14;16;18;20;22;23;24;25;26;27;29;30;32;33,4,max=0;tops=8;10;12;13;14;16;18;20;22;23;24;25;26;27;29;30;32;33,1,max=0;tops=8;10;12;13;14;16;18;20;22;23;24;25;26;27;29;30;32;33,2,max=0;tops=8;10;12;13;14;16;18;20;22;23;24;25;26;27;29;30;32;33,1,max=0;tops=8;10;12;13;14;16;18;20;22;23;24;25;26;27;29;30;32;33,36,max=0;tops=8;10;12;13;14;16;18;20;22;23;24;25;26;27;29;30;32;33,8,max=0;tops=8;10;12;13;14;16;18;20;22;23;24;25;26;27;29;30;32;33,52,max=0;tops=8;10;12;13;14;16;18;20;22;23;24;25;26;27;29;30;32;33,42,max=0;tops=8;10;12;13;14;16;18;20;22;23;24;25;26;27;29;30;32;33,21,max=0;tops=8;10;12;13;14;16;18;20;22;23;24;25;26;27;29;30;32;33,31
39144,19+37,8;10;12;13;15;17;18;20;21;22;23;24;25;27;29;30;32;34,8,34,18,2;2;1;2;2;1;2;1;1;1;1;1;2;2;1;2;2,245176044521/245167322400,8722121/245167322400,522111,2;3;5;7;11;13;17;23;29;31;41;43;47;53;59;61;67,17,2,19+37->2;3;5;7;11;13;17;23;29;31;41;43;47;53;59;61;67,false,false,false,max=5;tops=32,1,max=1;tops=13,1,max=1;tops=17;34,10,max=0;tops=8;10;12;13;15;17;18;20;21;22;23;24;25;27;29;30;32;34,1,max=0;tops=8;10;12;13;15;17;18;20;21;22;23;24;25;27;29;30;32;34,22,max=0;tops=8;10;12;13;15;17;18;20;21;22;23;24;25;27;29;30;32;34,1,max=0;tops=8;10;12;13;15;17;18;20;21;22;23;24;25;27;29;30;32;34,16,max=0;tops=8;10;12;13;15;17;18;20;21;22;23;24;25;27;29;30;32;34,5,max=0;tops=8;10;12;13;15;17;18;20;21;22;23;24;25;27;29;30;32;34,32,max=0;tops=8;10;12;13;15;17;18;20;21;22;23;24;25;27;29;30;32;34,45,max=0;tops=8;10;12;13;15;17;18;20;21;22;23;24;25;27;29;30;32;34,17,max=0;tops=8;10;12;13;15;17;18;20;21;22;23;24;25;27;29;30;32;34,37
39168,19+37,8;10;12;13;15;17;18;20;21;22;23;24;26;28;29;30;32;34,8,34,18,2;2;1;2;2;1;2;1;1;1;1;2;2;1;1;2;2,465665845/466985376,-1319531/466985376,522099,2;3;11;13;17;23;29;31;41;43;47;53;59;61;67,15,2,19+37->2;3;11;13;17;23;29;31;41;43;47;53;59;61;67,false,false,false,max=5;tops=32,1,max=1;tops=13;26,8,max=1;tops=17;34,10,max=0;tops=8;10;12;13;15;17;18;20;21;22;23;24;26;28;29;30;32;34,1,max=0;tops=8;10;12;13;15;17;18;20;21;22;23;24;26;28;29;30;32;34,10,max=0;tops=8;10;12;13;15;17;18;20;21;22;23;24;26;28;29;30;32;34,1,max=0;tops=8;10;12;13;15;17;18;20;21;22;23;24;26;28;29;30;32;34,7,max=0;tops=8;10;12;13;15;17;18;20;21;22;23;24;26;28;29;30;32;34,46,max=0;tops=8;10;12;13;15;17;18;20;21;22;23;24;26;28;29;30;32;34,47,max=0;tops=8;10;12;13;15;17;18;20;21;22;23;24;26;28;29;30;32;34,28,max=0;tops=8;10;12;13;15;17;18;20;21;22;23;24;26;28;29;30;32;34,21,max=0;tops=8;10;12;13;15;17;18;20;21;22;23;24;26;28;29;30;32;34,34
41514,19+37,8;10;12;14;15;16;18;20;22;23;24;25;26;27;28;30;31;32,8,32,18,2;2;2;1;1;2;2;2;1;1;1;1;1;1;2;1;1,15310412657/15416200800,-105788143/15416200800,521599,2;3;5;7;11;13;17;23;31;41;43;47;53;59;61;67,16,2,19+37->2;3;5;7;11;13;17;23;31;41;43;47;53;59;61;67,false,false,false,max=5;tops=32,1,max=1;tops=26,7,max=0;tops=8;10;12;14;15;16;18;20;22;23;24;25;26;27;28;30;31;32,7,max=0;tops=8;10;12;14;15;16;18;20;22;23;24;25;26;27;28;30;31;32,1,max=1;tops=31,1,max=0;tops=8;10;12;14;15;16;18;20;22;23;24;25;26;27;28;30;31;32,1,max=0;tops=8;10;12;14;15;16;18;20;22;23;24;25;26;27;28;30;31;32,32,max=0;tops=8;10;12;14;15;16;18;20;22;23;24;25;26;27;28;30;31;32,17,max=0;tops=8;10;12;14;15;16;18;20;22;23;24;25;26;27;28;30;31;32,41,max=0;tops=8;10;12;14;15;16;18;20;22;23;24;25;26;27;28;30;31;32,23,max=0;tops=8;10;12;14;15;16;18;20;22;23;24;25;26;27;28;30;31;32,41,max=0;tops=8;10;12;14;15;16;18;20;22;23;24;25;26;27;28;30;31;32,66
41587,19+37,8;10;12;14;15;16;18;20;22;24;25;27;28;30;31;32;33;34;35,8,35,19,2;2;2;1;1;2;2;2;2;1;2;1;2;1;1;1;1;1,876054371/876506400,-452029/876506400,522111,2;3;5;7;11;13;17;23;29;31;41;43;47;53;59;61;67,17,2,19+37->2;3;5;7;11;13;17;23;29;31;41;43;47;53;59;61;67,false,false,false,max=5;tops=32,1,max=0;tops=8;10;12;14;15;16;18;20;22;24;25;27;28;30;31;32;33;34;35,12,max=1;tops=34,9,max=0;tops=8;10;12;14;15;16;18;20;22;24;25;27;28;30;31;32;33;34;35,1,max=1;tops=31,1,max=0;tops=8;10;12;14;15;16;18;20;22;24;25;27;28;30;31;32;33;34;35,1,max=0;tops=8;10;12;14;15;16;18;20;22;24;25;27;28;30;31;32;33;34;35,10,max=0;tops=8;10;12;14;15;16;18;20;22;24;25;27;28;30;31;32;33;34;35,5,max=0;tops=8;10;12;14;15;16;18;20;22;24;25;27;28;30;31;32;33;34;35,41,max=0;tops=8;10;12;14;15;16;18;20;22;24;25;27;28;30;31;32;33;34;35,15,max=0;tops=8;10;12;14;15;16;18;20;22;24;25;27;28;30;31;32;33;34;35,32,max=0;tops=8;10;12;14;15;16;18;20;22;24;25;27;28;30;31;32;33;34;35,5
42088,19+37,8;10;12;14;15;17;18;20;21;22;23;24;25;26;28;29;30;31,8,31,18,2;2;2;1;2;1;2;1;1;1;1;1;1;2;1;1;1,317711933549/316674458100,1037475449/316674458100,522110,3;5;7;11;13;17;23;29;31;41;43;47;53;59;61;67,16,3,19+37->3;5;7;11;13;17;23;29;31;41;43;47;53;59;61;67,false,false,false,max=3;tops=8;24,0,max=1;tops=26,7,max=1;tops=17,1,max=0;tops=8;10;12;14;15;17;18;20;21;22;23;24;25;26;28;29;30;31,1,max=1;tops=31,1,max=0;tops=8;10;12;14;15;17;18;20;21;22;23;24;25;26;28;29;30;31,1,max=0;tops=8;10;12;14;15;17;18;20;21;22;23;24;25;26;28;29;30;31,15,max=0;tops=8;10;12;14;15;17;18;20;21;22;23;24;25;26;28;29;30;31,40,max=0;tops=8;10;12;14;15;17;18;20;21;22;23;24;25;26;28;29;30;31,2,max=0;tops=8;10;12;14;15;17;18;20;21;22;23;24;25;26;28;29;30;31,25,max=0;tops=8;10;12;14;15;17;18;20;21;22;23;24;25;26;28;29;30;31,16,max=0;tops=8;10;12;14;15;17;18;20;21;22;23;24;25;26;28;29;30;31,53
43409,19+37,8;10;12;14;16;17;18;20;21;23;24;26;27;28;29;31;32;33;34,8,34,19,2;2;2;2;1;1;2;1;2;1;2;1;1;1;2;1;1;1,1532689345417/1520037398880,12651946537/1520037398880,522111,2;3;5;7;11;13;17;23;29;31;41;43;47;53;59;61;67,17,2,19+37->2;3;5;7;11;13;17;23;29;31;41;43;47;53;59;61;67,false,false,false,max=5;tops=32,1,max=1;tops=26,7,max=1;tops=17;34,10,max=0;tops=8;10;12;14;16;17;18;20;21;23;24;26;27;28;29;31;32;33;34,1,max=1;tops=31,1,max=0;tops=8;10;12;14;16;17;18;20;21;23;24;26;27;28;29;31;32;33;34,1,max=0;tops=8;10;12;14;16;17;18;20;21;23;24;26;27;28;29;31;32;33;34,32,max=0;tops=8;10;12;14;16;17;18;20;21;23;24;26;27;28;29;31;32;33;34,23,max=0;tops=8;10;12;14;16;17;18;20;21;23;24;26;27;28;29;31;32;33;34,29,max=0;tops=8;10;12;14;16;17;18;20;21;23;24;26;27;28;29;31;32;33;34,57,max=0;tops=8;10;12;14;16;17;18;20;21;23;24;26;27;28;29;31;32;33;34,14,max=0;tops=8;10;12;14;16;17;18;20;21;23;24;26;27;28;29;31;32;33;34,20
44923,2+31,9;10;11;12;13;14;15;17;18;20;21;23;25;26;27;29,9,29,16,1;1;1;1;1;1;2;1;2;1;2;2;1;1;2,7706142013/7661478825,44663188/7661478825,523262,3;5;7;11;13;17;19;23;29;37;41;43;47;53;59;61;67,17,3,2+31->3;5;7;11;13;17;19;23;29;37;41;43;47;53;59;61;67,false,false,false,max=2;tops=12;20,0,max=1;tops=13;26,8,max=1;tops=17,1,max=0;tops=9;10;11;12;13;14;15;17;18;20;21;23;25;26;27;29,17,max=0;tops=9;10;11;12;13;14;15;17;18;20;21;23;25;26;27;29,1,max=0;tops=9;10;11;12;13;14;15;17;18;20;21;23;25;26;27;29,35,max=0;tops=9;10;11;12;13;14;15;17;18;20;21;23;25;26;27;29,32,max=0;tops=9;10;11;12;13;14;15;17;18;20;21;23;25;26;27;29,7,max=0;tops=9;10;11;12;13;14;15;17;18;20;21;23;25;26;27;29,20,max=0;tops=9;10;11;12;13;14;15;17;18;20;21;23;25;26;27;29,18,max=0;tops=9;10;11;12;13;14;15;17;18;20;21;23;25;26;27;29,38,max=0;tops=9;10;11;12;13;14;15;17;18;20;21;23;25;26;27;29,49
46220,19+37,9;10;11;12;13;15;17;18;20;22;24;25;26;28;29;31;32,9,32,17,1;1;1;1;2;2;1;2;2;2;1;1;2;1;2;1,36444557053/36715879200,-271322147/36715879200,522109,2;5;7;11;13;17;23;29;31;41;43;47;53;59;61;67,16,2,19+37->2;5;7;11;13;17;23;29;31;41;43;47;53;59;61;67,false,false,false,max=5;tops=32,1,max=1;tops=13;26,8,max=1;tops=17,1,max=0;tops=9;10;11;12;13;15;17;18;20;22;24;25;26;28;29;31;32,1,max=1;tops=31,1,max=0;tops=9;10;11;12;13;15;17;18;20;22;24;25;26;28;29;31;32,1,max=0;tops=9;10;11;12;13;15;17;18;20;22;24;25;26;28;29;31;32,39,max=0;tops=9;10;11;12;13;15;17;18;20;22;24;25;26;28;29;31;32,37,max=0;tops=9;10;11;12;13;15;17;18;20;22;24;25;26;28;29;31;32,4,max=0;tops=9;10;11;12;13;15;17;18;20;22;24;25;26;28;29;31;32,48,max=0;tops=9;10;11;12;13;15;17;18;20;22;24;25;26;28;29;31;32,59,max=0;tops=9;10;11;12;13;15;17;18;20;22;24;25;26;28;29;31;32,49
47293,19+37,9;10;11;12;14;15;17;18;20;21;22;24;26;27;29;30;32,9,32,17,1;1;1;2;1;2;1;2;1;1;2;2;1;2;1;2,425155435/426377952,-1222517/426377952,505723,2;3;7;11;13;17;23;29;31;41;43;53;59;61;67,15,2,19+37->2;3;7;11;13;17;23;29;31;41;43;53;59;61;67,false,false,false,max=5;tops=32,1,max=1;tops=26,7,max=1;tops=17,1,max=0;tops=9;10;11;12;14;15;17;18;20;21;22;24;26;27;29;30;32,1,max=0;tops=9;10;11;12;14;15;17;18;20;21;22;24;26;27;29;30;32,3,max=0;tops=9;10;11;12;14;15;17;18;20;21;22;24;26;27;29;30;32,1,max=0;tops=9;10;11;12;14;15;17;18;20;21;22;24;26;27;29;30;32,40,max=0;tops=9;10;11;12;14;15;17;18;20;21;22;24;26;27;29;30;32,1,max=0;tops=9;10;11;12;14;15;17;18;20;21;22;24;26;27;29;30;32,35,max=0;tops=9;10;11;12;14;15;17;18;20;21;22;24;26;27;29;30;32,33,max=0;tops=9;10;11;12;14;15;17;18;20;21;22;24;26;27;29;30;32,33,max=0;tops=9;10;11;12;14;15;17;18;20;21;22;24;26;27;29;30;32,17
49450,19+37,9;10;11;12;14;16;18;20;21;23;24;26;27;28;29;31;33;34,9,34,18,1;1;1;2;2;2;2;1;2;1;2;1;1;1;2;2;1,756423899801/760018699440,-3594799639/760018699440,522111,2;3;5;7;11;13;17;23;29;31;41;43;47;53;59;61;67,17,2,19+37->2;3;5;7;11;13;17;23;29;31;41;43;47;53;59;61;67,false,false,false,max=4;tops=16,1,max=1;tops=26,7,max=1;tops=34,9,max=0;tops=9;10;11;12;14;16;18;20;21;23;24;26;27;28;29;31;33;34,1,max=1;tops=31,1,max=0;tops=9;10;11;12;14;16;18;20;21;23;24;26;27;28;29;31;33;34,1,max=0;tops=9;10;11;12;14;16;18;20;21;23;24;26;27;28;29;31;33;34,5,max=0;tops=9;10;11;12;14;16;18;20;21;23;24;26;27;28;29;31;33;34,7,max=0;tops=9;10;11;12;14;16;18;20;21;23;24;26;27;28;29;31;33;34,14,max=0;tops=9;10;11;12;14;16;18;20;21;23;24;26;27;28;29;31;33;34,19,max=0;tops=9;10;11;12;14;16;18;20;21;23;24;26;27;28;29;31;33;34,36,max=0;tops=9;10;11;12;14;16;18;20;21;23;24;26;27;28;29;31;33;34,6
55260,19+37,9;10;11;13;15;17;18;20;21;23;25;26;27;29;30;32;33;34;35,9,35,19,1;1;2;2;2;1;2;1;2;2;1;1;2;1;2;1;1;1,246132602561/245167322400,965280161/245167322400,522111,2;3;5;7;11;13;17;23;29;31;41;43;47;53;59;61;67,17,2,19+37->2;3;5;7;11;13;17;23;29;31;41;43;47;53;59;61;67,false,false,false,max=5;tops=32,1,max=1;tops=13;26,8,max=1;tops=17;34,10,max=0;tops=9;10;11;13;15;17;18;20;21;23;25;26;27;29;30;32;33;34;35,1,max=0;tops=9;10;11;13;15;17;18;20;21;23;25;26;27;29;30;32;33;34;35,13,max=0;tops=9;10;11;13;15;17;18;20;21;23;25;26;27;29;30;32;33;34;35,1,max=0;tops=9;10;11;13;15;17;18;20;21;23;25;26;27;29;30;32;33;34;35,32,max=0;tops=9;10;11;13;15;17;18;20;21;23;25;26;27;29;30;32;33;34;35,26,max=0;tops=9;10;11;13;15;17;18;20;21;23;25;26;27;29;30;32;33;34;35,26,max=0;tops=9;10;11;13;15;17;18;20;21;23;25;26;27;29;30;32;33;34;35,36,max=0;tops=9;10;11;13;15;17;18;20;21;23;25;26;27;29;30;32;33;34;35,6,max=0;tops=9;10;11;13;15;17;18;20;21;23;25;26;27;29;30;32;33;34;35,35
56638,2+31,9;10;12;13;14;15;17;18;19;20;21;23;25;26;27;29;30,9,30,17,1;2;1;1;1;2;1;1;1;1;2;2;1;1;2;1,26490360649/26466926850,23433799/26466926850,523262,3;5;7;11;13;17;19;23;29;37;41;43;47;53;59;61;67,17,3,2+31->3;5;7;11;13;17;19;23;29;37;41;43;47;53;59;61;67,false,false,false,max=2;tops=12;20,0,max=1;tops=13;26,8,max=1;tops=17,1,max=1;tops=19,1,max=0;tops=9;10;12;13;14;15;17;18;19;20;21;23;25;26;27;29;30,1,max=0;tops=9;10;12;13;14;15;17;18;19;20;21;23;25;26;27;29;30,31,max=0;tops=9;10;12;13;14;15;17;18;19;20;21;23;25;26;27;29;30,15,max=0;tops=9;10;12;13;14;15;17;18;19;20;21;23;25;26;27;29;30,40,max=0;tops=9;10;12;13;14;15;17;18;19;20;21;23;25;26;27;29;30,28,max=0;tops=9;10;12;13;14;15;17;18;19;20;21;23;25;26;27;29;30,5,max=0;tops=9;10;12;13;14;15;17;18;19;20;21;23;25;26;27;29;30,31,max=0;tops=9;10;12;13;14;15;17;18;19;20;21;23;25;26;27;29;30,19
58017,19+37,9;10;12;13;14;16;17;18;20;22;23;25;26;28;29;31;33;35,9,35,18,1;2;1;1;2;1;1;2;2;1;2;1;2;1;2;2;2,421556654507/422232610800,-675956293/422232610800,522109,2;5;7;11;13;17;23;29;31;41;43;47;53;59;61;67,16,2,19+37->2;5;7;11;13;17;23;29;31;41;43;47;53;59;61;67,false,false,false,max=4;tops=16,1,max=1;tops=13;26,8,max=1;tops=17,1,max=0;tops=9;10;12;13;14;16;17;18;20;22;23;25;26;28;29;31;33;35,1,max=1;tops=31,1,max=0;tops=9;10;12;13;14;16;17;18;20;22;23;25;26;28;29;31;33;35,1,max=0;tops=9;10;12;13;14;16;17;18;20;22;23;25;26;28;29;31;33;35,36,max=0;tops=9;10;12;13;14;16;17;18;20;22;23;25;26;28;29;31;33;35,2,max=0;tops=9;10;12;13;14;16;17;18;20;22;23;25;26;28;29;31;33;35,36,max=0;tops=9;10;12;13;14;16;17;18;20;22;23;25;26;28;29;31;33;35,51,max=0;tops=9;10;12;13;14;16;17;18;20;22;23;25;26;28;29;31;33;35,45,max=0;tops=9;10;12;13;14;16;17;18;20;22;23;25;26;28;29;31;33;35,22
59886,19+37,9;10;12;13;15;16;17;18;20;22;23;25;26;28;29;30;31;33,9,33,18,1;2;1;2;1;1;1;2;2;1;2;1;2;1;1;1;2,421556654507/422232610800,-675956293/422232610800,522109,2;5;7;11;13;17;23;29;31;41;43;47;53;59;61;67,16,2,19+37->2;5;7;11;13;17;23;29;31;41;43;47;53;59;61;67,false,false,false,max=4;tops=16,1,max=1;tops=13;26,8,max=1;tops=17,1,max=0;tops=9;10;12;13;15;16;17;18;20;22;23;25;26;28;29;30;31;33,1,max=1;tops=31,1,max=0;tops=9;10;12;13;15;16;17;18;20;22;23;25;26;28;29;30;31;33,1,max=0;tops=9;10;12;13;15;16;17;18;20;22;23;25;26;28;29;30;31;33,36,max=0;tops=9;10;12;13;15;16;17;18;20;22;23;25;26;28;29;30;31;33,2,max=0;tops=9;10;12;13;15;16;17;18;20;22;23;25;26;28;29;30;31;33,36,max=0;tops=9;10;12;13;15;16;17;18;20;22;23;25;26;28;29;30;31;33,51,max=0;tops=9;10;12;13;15;16;17;18;20;22;23;25;26;28;29;30;31;33,45,max=0;tops=9;10;12;13;15;16;17;18;20;22;23;25;26;28;29;30;31;33,22
61705,19+37,9;10;12;13;15;17;18;20;21;22;24;25;26;27;29;31;32;33;35,9,35,19,1;2;1;2;2;1;2;1;1;2;1;1;1;2;2;1;1;2,333587866957/330442912800,3144954157/330442912800,522111,2;3;5;7;11;13;17;23;29;31;41;43;47;53;59;61;67,17,2,19+37->2;3;5;7;11;13;17;23;29;31;41;43;47;53;59;61;67,false,false,false,max=5;tops=32,1,max=1;tops=13;26,8,max=1;tops=17,1,max=0;tops=9;10;12;13;15;17;18;20;21;22;24;25;26;27;29;31;32;33;35,1,max=1;tops=31,1,max=0;tops=9;10;12;13;15;17;18;20;21;22;24;25;26;27;29;31;32;33;35,1,max=0;tops=9;10;12;13;15;17;18;20;21;22;24;25;26;27;29;31;32;33;35,40,max=0;tops=9;10;12;13;15;17;18;20;21;22;24;25;26;27;29;31;32;33;35,34,max=0;tops=9;10;12;13;15;17;18;20;21;22;24;25;26;27;29;31;32;33;35,31,max=0;tops=9;10;12;13;15;17;18;20;21;22;24;25;26;27;29;31;32;33;35,9,max=0;tops=9;10;12;13;15;17;18;20;21;22;24;25;26;27;29;31;32;33;35,52,max=0;tops=9;10;12;13;15;17;18;20;21;22;24;25;26;27;29;31;32;33;35,18
65042,19+37,9;10;12;14;15;17;18;20;21;22;23;25;27;28;29;30;31;32;34,9,34,19,1;2;2;1;2;1;2;1;1;1;2;2;1;1;1;1;1;2,588697544027/584629768800,4067775227/584629768800,522111,2;3;5;7;11;13;17;23;29;31;41;43;47;53;59;61;67,17,2,19+37->2;3;5;7;11;13;17;23;29;31;41;43;47;53;59;61;67,false,false,false,max=5;tops=32,1,max=0;tops=9;10;12;14;15;17;18;20;21;22;23;25;27;28;29;30;31;32;34,5,max=1;tops=17;34,10,max=0;tops=9;10;12;14;15;17;18;20;21;22;23;25;27;28;29;30;31;32;34,1,max=1;tops=31,1,max=0;tops=9;10;12;14;15;17;18;20;21;22;23;25;27;28;29;30;31;32;34,1,max=0;tops=9;10;12;14;15;17;18;20;21;22;23;25;27;28;29;30;31;32;34,10,max=0;tops=9;10;12;14;15;17;18;20;21;22;23;25;27;28;29;30;31;32;34,18,max=0;tops=9;10;12;14;15;17;18;20;21;22;23;25;27;28;29;30;31;32;34,47,max=0;tops=9;10;12;14;15;17;18;20;21;22;23;25;27;28;29;30;31;32;34,10,max=0;tops=9;10;12;14;15;17;18;20;21;22;23;25;27;28;29;30;31;32;34,27,max=0;tops=9;10;12;14;15;17;18;20;21;22;23;25;27;28;29;30;31;32;34,14
67729,19+37,9;11;12;13;14;15;16;17;18;20;22;23;24;26;27;29;31,9,31,17,2;1;1;1;1;1;1;1;2;2;1;1;2;1;2;2,760086954413/760018699440,68254973/760018699440,522111,2;3;5;7;11;13;17;23;29;31;41;43;47;53;59;61;67,17,2,19+37->2;3;5;7;11;13;17;23;29;31;41;43;47;53;59;61;67,false,false,false,max=4;tops=16,1,max=1;tops=13;26,8,max=1;tops=17,1,max=0;tops=9;11;12;13;14;15;16;17;18;20;22;23;24;26;27;29;31,1,max=1;tops=31,1,max=0;tops=9;11;12;13;14;15;16;17;18;20;22;23;24;26;27;29;31,1,max=0;tops=9;11;12;13;14;15;16;17;18;20;22;23;24;26;27;29;31,32,max=0;tops=9;11;12;13;14;15;16;17;18;20;22;23;24;26;27;29;31,44,max=0;tops=9;11;12;13;14;15;16;17;18;20;22;23;24;26;27;29;31,44,max=0;tops=9;11;12;13;14;15;16;17;18;20;22;23;24;26;27;29;31,53,max=0;tops=9;11;12;13;14;15;16;17;18;20;22;23;24;26;27;29;31,26,max=0;tops=9;11;12;13;14;15;16;17;18;20;22;23;24;26;27;29;31,39
68479,19+37,9;11;12;13;14;15;16;18;20;22;24;26;27;28;29;30;32;34,9,34,18,2;1;1;1;1;1;2;2;2;2;2;1;1;1;1;2;2,2121740549/2131889760,-10149211/2131889760,522111,2;3;5;7;11;13;17;23;29;31;41;43;47;53;59;61;67,17,2,19+37->2;3;5;7;11;13;17;23;29;31;41;43;47;53;59;61;67,false,false,false,max=5;tops=32,1,max=1;tops=13;26,8,max=1;tops=34,9,max=0;tops=9;11;12;13;14;15;16;18;20;22;24;26;27;28;29;30;32;34,1,max=0;tops=9;11;12;13;14;15;16;18;20;22;24;26;27;28;29;30;32;34,6,max=0;tops=9;11;12;13;14;15;16;18;20;22;24;26;27;28;29;30;32;34,1,max=0;tops=9;11;12;13;14;15;16;18;20;22;24;26;27;28;29;30;32;34,25,max=0;tops=9;11;12;13;14;15;16;18;20;22;24;26;27;28;29;30;32;34,15,max=0;tops=9;11;12;13;14;15;16;18;20;22;24;26;27;28;29;30;32;34,27,max=0;tops=9;11;12;13;14;15;16;18;20;22;24;26;27;28;29;30;32;34,7,max=0;tops=9;11;12;13;14;15;16;18;20;22;24;26;27;28;29;30;32;34,50,max=0;tops=9;11;12;13;14;15;16;18;20;22;24;26;27;28;29;30;32;34,16
71848,19+37,9;11;12;13;15;16;17;18;20;21;23;25;26;27;28;30;31;32,9,32,18,2;1;1;2;1;1;1;2;1;2;2;1;1;1;2;1;1,37251172087/37439344800,-188172713/37439344800,522103,2;3;5;11;13;17;23;29;31;41;43;47;53;59;61;67,16,2,19+37->2;3;5;11;13;17;23;29;31;41;43;47;53;59;61;67,false,false,false,max=5;tops=32,1,max=1;tops=13;26,8,max=1;tops=17,1,max=0;tops=9;11;12;13;15;16;17;18;20;21;23;25;26;27;28;30;31;32,1,max=1;tops=31,1,max=0;tops=9;11;12;13;15;16;17;18;20;21;23;25;26;27;28;30;31;32,1,max=0;tops=9;11;12;13;15;16;17;18;20;21;23;25;26;27;28;30;31;32,13,max=0;tops=9;11;12;13;15;16;17;18;20;21;23;25;26;27;28;30;31;32,2,max=0;tops=9;11;12;13;15;16;17;18;20;21;23;25;26;27;28;30;31;32,7,max=0;tops=9;11;12;13;15;16;17;18;20;21;23;25;26;27;28;30;31;32,50,max=0;tops=9;11;12;13;15;16;17;18;20;21;23;25;26;27;28;30;31;32,43,max=0;tops=9;11;12;13;15;16;17;18;20;21;23;25;26;27;28;30;31;32,2
74041,19+37,9;11;12;13;15;17;18;20;21;22;23;25;26;28;29;31;32;33;34,9,34,19,2;1;1;2;2;1;2;1;1;1;2;1;2;1;2;1;1;1,10986335267/10967080800,19254467/10967080800,391013,2;5;13;17;23;29;31;41;43;47;53;59;67,13,2,19+37->2;5;13;17;23;29;31;41;43;47;53;59;67,false,false,false,max=5;tops=32,1,max=1;tops=13;26,8,max=1;tops=17;34,10,max=0;tops=9;11;12;13;15;17;18;20;21;22;23;25;26;28;29;31;32;33;34,1,max=1;tops=31,1,max=0;tops=9;11;12;13;15;17;18;20;21;22;23;25;26;28;29;31;32;33;34,1,max=0;tops=9;11;12;13;15;17;18;20;21;22;23;25;26;28;29;31;32;33;34,16,max=0;tops=9;11;12;13;15;17;18;20;21;22;23;25;26;28;29;31;32;33;34,37,max=0;tops=9;11;12;13;15;17;18;20;21;22;23;25;26;28;29;31;32;33;34,2,max=0;tops=9;11;12;13;15;17;18;20;21;22;23;25;26;28;29;31;32;33;34,22,max=0;tops=9;11;12;13;15;17;18;20;21;22;23;25;26;28;29;31;32;33;34,1,max=0;tops=9;11;12;13;15;17;18;20;21;22;23;25;26;28;29;31;32;33;34,39
74283,19+37,9;11;12;13;15;17;18;20;22;23;24;25;26;27;29;31;32;33;35,9,35,19,2;1;1;2;2;1;2;2;1;1;1;1;1;2;2;1;1;2,688359779761/690926090400,-2566310639/690926090400,522095,2;3;5;7;13;17;23;29;31;41;43;47;53;59;61;67,16,2,19+37->2;3;5;7;13;17;23;29;31;41;43;47;53;59;61;67,false,false,false,max=5;tops=32,1,max=1;tops=13;26,8,max=1;tops=17,1,max=0;tops=9;11;12;13;15;17;18;20;22;23;24;25;26;27;29;31;32;33;35,1,max=1;tops=31,1,max=0;tops=9;11;12;13;15;17;18;20;22;23;24;25;26;27;29;31;32;33;35,1,max=0;tops=9;11;12;13;15;17;18;20;22;23;24;25;26;27;29;31;32;33;35,0,max=0;tops=9;11;12;13;15;17;18;20;22;23;24;25;26;27;29;31;32;33;35,20,max=0;tops=9;11;12;13;15;17;18;20;22;23;24;25;26;27;29;31;32;33;35,26,max=0;tops=9;11;12;13;15;17;18;20;22;23;24;25;26;27;29;31;32;33;35,19,max=0;tops=9;11;12;13;15;17;18;20;22;23;24;25;26;27;29;31;32;33;35,23,max=0;tops=9;11;12;13;15;17;18;20;22;23;24;25;26;27;29;31;32;33;35,51
75142,19+37,9;11;12;14;15;16;17;18;20;21;22;24;25;26;28;30;32;33,9,33,18,2;1;2;1;1;1;1;2;1;1;2;1;1;2;2;2;1,3691007/3712800,-21793/3712800,521069,2;5;7;13;17;23;29;41;43;47;53;59;61;67,14,2,19+37->2;5;7;13;17;23;29;41;43;47;53;59;61;67,false,false,false,max=5;tops=32,1,max=1;tops=26,7,max=1;tops=17,1,max=0;tops=9;11;12;14;15;16;17;18;20;21;22;24;25;26;28;30;32;33,1,max=0;tops=9;11;12;14;15;16;17;18;20;21;22;24;25;26;28;30;32;33,1,max=0;tops=9;11;12;14;15;16;17;18;20;21;22;24;25;26;28;30;32;33,1,max=0;tops=9;11;12;14;15;16;17;18;20;21;22;24;25;26;28;30;32;33,16,max=0;tops=9;11;12;14;15;16;17;18;20;21;22;24;25;26;28;30;32;33,35,max=0;tops=9;11;12;14;15;16;17;18;20;21;22;24;25;26;28;30;32;33,8,max=0;tops=9;11;12;14;15;16;17;18;20;21;22;24;25;26;28;30;32;33,3,max=0;tops=9;11;12;14;15;16;17;18;20;21;22;24;25;26;28;30;32;33,11,max=0;tops=9;11;12;14;15;16;17;18;20;21;22;24;25;26;28;30;32;33,18
76802,19+37,9;11;12;14;15;16;18;20;21;23;24;26;27;28;29;30;31;33;34,9,34,19,2;1;2;1;1;2;2;1;2;1;2;1;1;1;1;1;2;1,756423899801/760018699440,-3594799639/760018699440,522111,2;3;5;7;11;13;17;23;29;31;41;43;47;53;59;61;67,17,2,19+37->2;3;5;7;11;13;17;23;29;31;41;43;47;53;59;61;67,false,false,false,max=4;tops=16,1,max=1;tops=26,7,max=1;tops=34,9,max=0;tops=9;11;12;14;15;16;18;20;21;23;24;26;27;28;29;30;31;33;34,1,max=1;tops=31,1,max=0;tops=9;11;12;14;15;16;18;20;21;23;24;26;27;28;29;30;31;33;34,1,max=0;tops=9;11;12;14;15;16;18;20;21;23;24;26;27;28;29;30;31;33;34,5,max=0;tops=9;11;12;14;15;16;18;20;21;23;24;26;27;28;29;30;31;33;34,7,max=0;tops=9;11;12;14;15;16;18;20;21;23;24;26;27;28;29;30;31;33;34,14,max=0;tops=9;11;12;14;15;16;18;20;21;23;24;26;27;28;29;30;31;33;34,19,max=0;tops=9;11;12;14;15;16;18;20;21;23;24;26;27;28;29;30;31;33;34,36,max=0;tops=9;11;12;14;15;16;18;20;21;23;24;26;27;28;29;30;31;33;34,6
79943,19+37,9;11;13;14;15;16;17;18;20;21;22;23;24;26;27;28;29;31,9,31,18,2;2;1;1;1;1;1;2;1;1;1;1;2;1;1;1;2,760086954413/760018699440,68254973/760018699440,522111,2;3;5;7;11;13;17;23;29;31;41;43;47;53;59;61;67,17,2,19+37->2;3;5;7;11;13;17;23;29;31;41;43;47;53;59;61;67,false,false,false,max=4;tops=16,1,max=1;tops=13;26,8,max=1;tops=17,1,max=0;tops=9;11;13;14;15;16;17;18;20;21;22;23;24;26;27;28;29;31,1,max=1;tops=31,1,max=0;tops=9;11;13;14;15;16;17;18;20;21;22;23;24;26;27;28;29;31,1,max=0;tops=9;11;13;14;15;16;17;18;20;21;22;23;24;26;27;28;29;31,32,max=0;tops=9;11;13;14;15;16;17;18;20;21;22;23;24;26;27;28;29;31,44,max=0;tops=9;11;13;14;15;16;17;18;20;21;22;23;24;26;27;28;29;31,44,max=0;tops=9;11;13;14;15;16;17;18;20;21;22;23;24;26;27;28;29;31,53,max=0;tops=9;11;13;14;15;16;17;18;20;21;22;23;24;26;27;28;29;31,26,max=0;tops=9;11;13;14;15;16;17;18;20;21;22;23;24;26;27;28;29;31,39
85708,19+37,9;11;13;15;17;18;20;21;22;23;24;25;26;27;28;29;31;32;33;35,9,35,20,2;2;2;2;1;2;1;1;1;1;1;1;1;1;1;2;1;1;2,688359779761/690926090400,-2566310639/690926090400,522095,2;3;5;7;13;17;23;29;31;41;43;47;53;59;61;67,16,2,19+37->2;3;5;7;13;17;23;29;31;41;43;47;53;59;61;67,false,false,false,max=5;tops=32,1,max=1;tops=13;26,8,max=1;tops=17,1,max=0;tops=9;11;13;15;17;18;20;21;22;23;24;25;26;27;28;29;31;32;33;35,1,max=1;tops=31,1,max=0;tops=9;11;13;15;17;18;20;21;22;23;24;25;26;27;28;29;31;32;33;35,1,max=0;tops=9;11;13;15;17;18;20;21;22;23;24;25;26;27;28;29;31;32;33;35,0,max=0;tops=9;11;13;15;17;18;20;21;22;23;24;25;26;27;28;29;31;32;33;35,20,max=0;tops=9;11;13;15;17;18;20;21;22;23;24;25;26;27;28;29;31;32;33;35,26,max=0;tops=9;11;13;15;17;18;20;21;22;23;24;25;26;27;28;29;31;32;33;35,19,max=0;tops=9;11;13;15;17;18;20;21;22;23;24;25;26;27;28;29;31;32;33;35,23,max=0;tops=9;11;13;15;17;18;20;21;22;23;24;25;26;27;28;29;31;32;33;35,51
88192,19+37,10;11;12;13;14;16;17;18;20;21;22;23;24;26;28;30;32;34,10,34,18,1;1;1;1;2;1;1;2;1;1;1;1;2;2;2;2;2,561271189/563603040,-2331851/563603040,521087,2;3;5;7;11;13;17;23;29;41;43;47;53;59;61;67,16,2,19+37->2;3;5;7;11;13;17;23;29;41;43;47;53;59;61;67,false,false,false,max=5;tops=32,1,max=1;tops=13;26,8,max=1;tops=17;34,10,max=0;tops=10;11;12;13;14;16;17;18;20;21;22;23;24;26;28;30;32;34,1,max=0;tops=10;11;12;13;14;16;17;18;20;21;22;23;24;26;28;30;32;34,1,max=0;tops=10;11;12;13;14;16;17;18;20;21;22;23;24;26;28;30;32;34,1,max=0;tops=10;11;12;13;14;16;17;18;20;21;22;23;24;26;28;30;32;34,20,max=0;tops=10;11;12;13;14;16;17;18;20;21;22;23;24;26;28;30;32;34,28,max=0;tops=10;11;12;13;14;16;17;18;20;21;22;23;24;26;28;30;32;34,28,max=0;tops=10;11;12;13;14;16;17;18;20;21;22;23;24;26;28;30;32;34,0,max=0;tops=10;11;12;13;14;16;17;18;20;21;22;23;24;26;28;30;32;34,41,max=0;tops=10;11;12;13;14;16;17;18;20;21;22;23;24;26;28;30;32;34,52
94088,19+37,10;11;12;14;15;16;17;18;20;22;24;26;27;28;29;30;31;32;33,10,33,19,1;1;2;1;1;1;1;2;2;2;2;1;1;1;1;1;1;1,1200622877/1201610592,-987715/1201610592,522091,2;3;7;13;17;23;29;31;41;43;47;53;59;61;67,15,2,19+37->2;3;7;13;17;23;29;31;41;43;47;53;59;61;67,false,false,false,max=5;tops=32,1,max=1;tops=26,7,max=1;tops=17,1,max=0;tops=10;11;12;14;15;16;17;18;20;22;24;26;27;28;29;30;31;32;33,1,max=1;tops=31,1,max=0;tops=10;11;12;14;15;16;17;18;20;22;24;26;27;28;29;30;31;32;33,1,max=0;tops=10;11;12;14;15;16;17;18;20;22;24;26;27;28;29;30;31;32;33,14,max=0;tops=10;11;12;14;15;16;17;18;20;22;24;26;27;28;29;30;31;32;33,23,max=0;tops=10;11;12;14;15;16;17;18;20;22;24;26;27;28;29;30;31;32;33,31,max=0;tops=10;11;12;14;15;16;17;18;20;22;24;26;27;28;29;30;31;32;33,24,max=0;tops=10;11;12;14;15;16;17;18;20;22;24;26;27;28;29;30;31;32;33,11,max=0;tops=10;11;12;14;15;16;17;18;20;22;24;26;27;28;29;30;31;32;33,30
96268,19+37,10;11;12;14;15;17;18;20;21;22;23;24;25;27;29;30;31;33;35,10,35,19,1;1;2;1;2;1;2;1;1;1;1;1;2;2;1;1;2;2,13166406103/13287040200,-120634097/13287040200,522095,2;3;5;7;13;17;23;29;31;41;43;47;53;59;61;67,16,2,19+37->2;3;5;7;13;17;23;29;31;41;43;47;53;59;61;67,false,false,false,max=3;tops=24,1,max=0;tops=10;11;12;14;15;17;18;20;21;22;23;24;25;27;29;30;31;33;35,9,max=1;tops=17,1,max=0;tops=10;11;12;14;15;17;18;20;21;22;23;24;25;27;29;30;31;33;35,1,max=1;tops=31,1,max=0;tops=10;11;12;14;15;17;18;20;21;22;23;24;25;27;29;30;31;33;35,1,max=0;tops=10;11;12;14;15;17;18;20;21;22;23;24;25;27;29;30;31;33;35,19,max=0;tops=10;11;12;14;15;17;18;20;21;22;23;24;25;27;29;30;31;33;35,44,max=0;tops=10;11;12;14;15;17;18;20;21;22;23;24;25;27;29;30;31;33;35,21,max=0;tops=10;11;12;14;15;17;18;20;21;22;23;24;25;27;29;30;31;33;35,24,max=0;tops=10;11;12;14;15;17;18;20;21;22;23;24;25;27;29;30;31;33;35,0,max=0;tops=10;11;12;14;15;17;18;20;21;22;23;24;25;27;29;30;31;33;35,37
97208,19+37,10;11;12;14;16;17;18;20;22;23;24;25;26;28;29;30;31;32;34;35,10,35,20,1;1;2;2;1;1;2;2;1;1;1;1;2;1;1;1;1;2;1,2550198988027/2533395664800,16803323227/2533395664800,522111,2;3;5;7;11;13;17;23;29;31;41;43;47;53;59;61;67,17,2,19+37->2;3;5;7;11;13;17;23;29;31;41;43;47;53;59;61;67,false,false,false,max=5;tops=32,1,max=1;tops=26,7,max=1;tops=17;34,10,max=0;tops=10;11;12;14;16;17;18;20;22;23;24;25;26;28;29;30;31;32;34;35,1,max=1;tops=31,1,max=0;tops=10;11;12;14;16;17;18;20;22;23;24;25;26;28;29;30;31;32;34;35,1,max=0;tops=10;11;12;14;16;17;18;20;22;23;24;25;26;28;29;30;31;32;34;35,36,max=0;tops=10;11;12;14;16;17;18;20;22;23;24;25;26;28;29;30;31;32;34;35,28,max=0;tops=10;11;12;14;16;17;18;20;22;23;24;25;26;28;29;30;31;32;34;35,21,max=0;tops=10;11;12;14;16;17;18;20;22;23;24;25;26;28;29;30;31;32;34;35,55,max=0;tops=10;11;12;14;16;17;18;20;22;23;24;25;26;28;29;30;31;32;34;35,33,max=0;tops=10;11;12;14;16;17;18;20;22;23;24;25;26;28;29;30;31;32;34;35,3
98512,19+37,10;11;13;14;15;16;17;18;20;22;23;24;25;27;28;30;32;34;35,10,35,19,1;2;1;1;1;1;1;2;2;1;1;1;2;1;2;2;2;1,8443256659/8454045600,-10788941/8454045600,522111,2;3;5;7;11;13;17;23;29;31;41;43;47;53;59;61;67,17,2,19+37->2;3;5;7;11;13;17;23;29;31;41;43;47;53;59;61;67,false,false,false,max=5;tops=32,1,max=1;tops=13,1,max=1;tops=17;34,10,max=0;tops=10;11;13;14;15;16;17;18;20;22;23;24;25;27;28;30;32;34;35,1,max=0;tops=10;11;13;14;15;16;17;18;20;22;23;24;25;27;28;30;32;34;35,13,max=0;tops=10;11;13;14;15;16;17;18;20;22;23;24;25;27;28;30;32;34;35,1,max=0;tops=10;11;13;14;15;16;17;18;20;22;23;24;25;27;28;30;32;34;35,29,max=0;tops=10;11;13;14;15;16;17;18;20;22;23;24;25;27;28;30;32;34;35,34,max=0;tops=10;11;13;14;15;16;17;18;20;22;23;24;25;27;28;30;32;34;35,13,max=0;tops=10;11;13;14;15;16;17;18;20;22;23;24;25;27;28;30;32;34;35,17,max=0;tops=10;11;13;14;15;16;17;18;20;22;23;24;25;27;28;30;32;34;35,37,max=0;tops=10;11;13;14;15;16;17;18;20;22;23;24;25;27;28;30;32;34;35,55
105041,19+37,10;12;13;14;15;16;18;20;21;22;23;24;25;26;27;28;29;30;31,10,31,19,2;1;1;1;1;2;2;1;1;1;1;1;1;1;1;1;1;1,222621266789/223534911600,-913644811/223534911600,522111,2;3;5;7;11;13;17;23;29;31;41;43;47;53;59;61;67,17,2,19+37->2;3;5;7;11;13;17;23;29;31;41;43;47;53;59;61;67,false,false,false,max=4;tops=16,1,max=1;tops=13;26,8,max=0;tops=10;12;13;14;15;16;18;20;21;22;23;24;25;26;27;28;29;30;31,11,max=0;tops=10;12;13;14;15;16;18;20;21;22;23;24;25;26;27;28;29;30;31,1,max=1;tops=31,1,max=0;tops=10;12;13;14;15;16;18;20;21;22;23;24;25;26;27;28;29;30;31,1,max=0;tops=10;12;13;14;15;16;18;20;21;22;23;24;25;26;27;28;29;30;31,25,max=0;tops=10;12;13;14;15;16;18;20;21;22;23;24;25;26;27;28;29;30;31,37,max=0;tops=10;12;13;14;15;16;18;20;21;22;23;24;25;26;27;28;29;30;31,18,max=0;tops=10;12;13;14;15;16;18;20;21;22;23;24;25;26;27;28;29;30;31,55,max=0;tops=10;12;13;14;15;16;18;20;21;22;23;24;25;26;27;28;29;30;31,55,max=0;tops=10;12;13;14;15;16;18;20;21;22;23;24;25;26;27;28;29;30;31,64
105117,19+37,10;12;13;14;15;16;18;20;21;22;24;25;27;28;29;30;31;33;34;35,10,35,20,2;1;1;1;1;2;2;1;1;2;1;2;1;1;1;1;2;1;1,23656388453/23603065200,53323253/23603065200,522103,2;3;5;11;13;17;23;29;31;41;43;47;53;59;61;67,16,2,19+37->2;3;5;11;13;17;23;29;31;41;43;47;53;59;61;67,false,false,false,max=4;tops=16,1,max=1;tops=13,1,max=1;tops=34,9,max=0;tops=10;12;13;14;15;16;18;20;21;22;24;25;27;28;29;30;31;33;34;35,1,max=1;tops=31,1,max=0;tops=10;12;13;14;15;16;18;20;21;22;24;25;27;28;29;30;31;33;34;35,1,max=0;tops=10;12;13;14;15;16;18;20;21;22;24;25;27;28;29;30;31;33;34;35,3,max=0;tops=10;12;13;14;15;16;18;20;21;22;24;25;27;28;29;30;31;33;34;35,25,max=0;tops=10;12;13;14;15;16;18;20;21;22;24;25;27;28;29;30;31;33;34;35,18,max=0;tops=10;12;13;14;15;16;18;20;21;22;24;25;27;28;29;30;31;33;34;35,47,max=0;tops=10;12;13;14;15;16;18;20;21;22;24;25;27;28;29;30;31;33;34;35,46,max=0;tops=10;12;13;14;15;16;18;20;21;22;24;25;27;28;29;30;31;33;34;35,3
113595,19+37,11;12;13;15;16;17;18;20;21;22;23;25;26;27;28;29;30;32;33;34,11,34,20,1;1;2;1;1;1;2;1;1;1;2;1;1;1;1;1;2;1;1,3156153103/3183991200,-27838097/3183991200,522087,2;3;5;13;17;23;29;31;41;43;47;53;59;61;67,15,2,19+37->2;3;5;13;17;23;29;31;41;43;47;53;59;61;67,false,false,false,max=5;tops=32,1,max=1;tops=13;26,8,max=1;tops=17;34,10,max=0;tops=11;12;13;15;16;17;18;20;21;22;23;25;26;27;28;29;30;32;33;34,1,max=0;tops=11;12;13;15;16;17;18;20;21;22;23;25;26;27;28;29;30;32;33;34,19,max=0;tops=11;12;13;15;16;17;18;20;21;22;23;25;26;27;28;29;30;32;33;34,1,max=0;tops=11;12;13;15;16;17;18;20;21;22;23;25;26;27;28;29;30;32;33;34,21,max=0;tops=11;12;13;15;16;17;18;20;21;22;23;25;26;27;28;29;30;32;33;34,40,max=0;tops=11;12;13;15;16;17;18;20;21;22;23;25;26;27;28;29;30;32;33;34,19,max=0;tops=11;12;13;15;16;17;18;20;21;22;23;25;26;27;28;29;30;32;33;34,21,max=0;tops=11;12;13;15;16;17;18;20;21;22;23;25;26;27;28;29;30;32;33;34,57,max=0;tops=11;12;13;15;16;17;18;20;21;22;23;25;26;27;28;29;30;32;33;34,8
